Rank,Title,URL,NumCompanies,Companies
1,Two Sum,https://leetcode.com/problems/two-sum,129,accenture;accolite;adobe;agoda;airbnb;airbus;akamai;altimetrik;amazon;amd;american-express;anduril;apple;atlassian;autodesk;barclays;blackrock;bloomberg;bytedance;cadence;capgemini;capital-one;careem;cisco;citadel;citi;coditas;cognizant;comcast;criteo;databricks;de-shaw;delhivery;dell;deloitte;deutsche-bank;devrev;doordash;dropbox;earnin;ebay;epam-systems;epic-systems;expedia;ey;flipkart;fpt;fractal-analytics;freshworks;garmin;globallogic;goldman-sachs;google;grab;hashedin;hcl;honeywell;huawei;hubspot;ibm;infosys;intel;intuit;jane-street;jio;jpmorgan;juspay;karat;kla;linkedin;lowe;mastercard;meesho;meta;microsoft;mindtree;morgan-stanley;naver;netapp;nielsen;nvidia;optum;oracle;ozon;palo-alto-networks;paypal;paytm;persistent-systems;phonepe;playsimple;pwc;qualcomm;quantiphi;rally-health;roblox;salesforce;samsung;sap;servicenow;siemens;snowflake;sony;splunk;spotify;swiggy;synopsys;tcs;tech-mahindra;tekion;tesla;thoughtworks;tiger-analytics;tiktok;tinkoff;toast;turing;uber;ukg;virtusa;visa;vk;walmart-labs;warnermedia;western-digital;wipro;yahoo;yandex;yelp;zoho
2,Valid Parentheses,https://leetcode.com/problems/valid-parentheses,116,accenture;adobe;agoda;airbnb;altimetrik;amazon;andela;anduril;apple;att;autodesk;bank-of-america;barclays;blackrock;bloomberg;bytedance;c3-ai;capital-one;carwale;cerner;chewy;cisco;cognizant;coindcx;comcast;criteo;crowdstrike;dataart;de-shaw;dell;deloitte;ebay;epam-systems;epic-systems;ericsson;exl;expedia;flipkart;freshworks;globallogic;godaddy;goldman-sachs;google;grab;hcl;hp;huawei;ibm;infosys;intel;intuit;jane-street;jpmorgan;linkedin;lucid;mastercard;mathworks;meta;micro1;microsoft;millennium;mitsogo;netflix;nike;nokia;npci;nvidia;odoo;opentext;oracle;ozon;palo-alto-networks;paypal;paytm;persistent-systems;phonepe;qualcomm;roblox;rokt;salesforce;samsung;sap;servicenow;shift-technology;siemens;sigmoid;sony;splunk;spotify;swiggy;tcs;tencent;tesla;tiktok;toast;tomtom;tripadvisor;turing;twitter;two-sigma;uber;ubs;udemy;vimeo;visa;vk;walmart-labs;wells-fargo;wipro;wix;yahoo;yandex;zenefits;zoho;zs-associates;zulily
3,Best Time to Buy and Sell Stock,https://leetcode.com/problems/best-time-to-buy-and-sell-stock,90,accenture;accolite;adobe;agoda;airtel;akamai;amazon;american-express;apple;aqr-capital-management;atlassian;bank-of-america;blackrock;bloomberg;bny-mellon;bolt;bytedance;capgemini;capital-one;carwale;cisco;citadel;citi;cognizant;coinbase;comcast;de-shaw;deloitte;deutsche-bank;epam-systems;expedia;fanatics;flipkart;garmin;goldman-sachs;google;groww;hcl;hsbc;ibm;impact-analytics;infosys;intuit;jpmorgan;lg-electronics;linkedin;mastercard;meta;microsoft;microstrategy;millennium;morgan-stanley;murex;myntra;nasdaq;nvidia;optiver;oracle;ozon;paypal;paytm;phonepe;qualys;rbc;remitly;robinhood;salesforce;samsung;sap;servicenow;sigmoid;snowflake;societe-generale;squarepoint-capital;swiggy;tcs;tech-mahindra;tesla;tiger-analytics;tiktok;toast;turing;uber;visa;vk;walmart-labs;yandex;zeta-suite;zoho;zoox
4,Longest Common Prefix,https://leetcode.com/problems/longest-common-prefix,62,accenture;adobe;alten;amazon;american-express;apple;barclays;bloomberg;capgemini;caterpillar;cme-group;deloitte;deutsche-bank;disney;epam-systems;ericsson;fidelity;fractal-analytics;google;hashedin;hrt;hsbc;ibm;infosys;jane-street;kotak-mahindra-bank;maersk;meta;microsoft;natwest;nokia;nvidia;opentext;oracle;oyo;palo-alto-networks;persistent-systems;phonepe;publicis-sapient;pubmatic;pwc;qualcomm;quora;revolut;roblox;samsung;sap;sigmoid;target;tcs;tiktok;turing;uber;virtusa;visa;walmart-labs;wells-fargo;wipro;yahoo;yelp;zoho;zopsmart
5,Move Zeroes,https://leetcode.com/problems/move-zeroes,47,accenture;accolite;adobe;adp;amazon;amd;anduril;apple;bloomberg;capgemini;chewy;cisco;cognizant;coinswitch-kuber;crowdstrike;epam-systems;goldman-sachs;google;ibm;infosys;intuit;josh-technology;jtg;kpmg;lti;meta;microsoft;netapp;nvidia;oracle;paypal;qualcomm;salesforce;samsung;sap;servicenow;sigmoid;tcs;tiktok;uber;verizon;vk;walmart-labs;wix;yandex;zoho;zomato
6,Valid Palindrome,https://leetcode.com/problems/valid-palindrome,44,accenture;adobe;amazon;american-express;apple;arista-networks;axon;bcg;bloomberg;cadence;cisco;clevertap;cognizant;comcast;deloitte;fidelity;goldman-sachs;google;hashedin;hcl;infosys;intel;intuit;lti;meta;microsoft;oracle;salesforce;sap;shopee;spotify;tcs;tiktok;tinkoff;toast;uber;ukg;visa;vk;walmart-labs;wayfair;yandex;zenefits;zoho
7,Merge Sorted Array,https://leetcode.com/problems/merge-sorted-array,38,accenture;amazon;amd;apple;avito;bloomberg;bny-mellon;canonical;cisco;cognizant;de-shaw;epam-systems;goldman-sachs;google;hcl;hubspot;ibm;infosys;linkedin;meta;microsoft;motive;nvidia;oracle;palo-alto-networks;paypal;persistent-systems;qualcomm;samsung;squarespace;swiggy;tcs;tiktok;verkada;visa;wipro;yandex;zoho
8,Merge Two Sorted Lists,https://leetcode.com/problems/merge-two-sorted-lists,38,accenture;amazon;apple;arista-networks;bloomberg;capgemini;docusign;epam-systems;flipkart;goldman-sachs;google;hpe;huawei;hubspot;infosys;josh-technology;linkedin;meta;microsoft;mongodb;nvidia;oracle;palo-alto-networks;qualcomm;rippling;salesforce;servicenow;siemens;snowflake;squarespace;swiggy;tcs;tiktok;udemy;visa;wix;yandex;zoho
9,Roman to Integer,https://leetcode.com/problems/roman-to-integer,38,accenture;adobe;amazon;amd;apple;axon;bloomberg;bookingcom;capgemini;cognizant;deloitte;deltax;doordash;epam-systems;expedia;goldman-sachs;google;ibm;infosys;jpmorgan;linkedin;meta;microsoft;oracle;pwc;salesforce;snowflake;sofi;tcs;tiktok;uber;virtusa;walmart-labs;warnermedia;wix;yahoo;yandex;zoho
10,Valid Anagram,https://leetcode.com/problems/valid-anagram,38,accenture;affirm;amadeus;amazon;american-express;apple;bloomberg;capgemini;cognizant;deloitte;dialpad;epam-systems;fidelity;goldman-sachs;google;ibm;infosys;lg-electronics;mastercard;meta;microsoft;nagarro;netflix;nokia;nvidia;oracle;ozon;paypal;siemens;tcs;tesla;uber;visa;wipro;yandex;yelp;zoho;zopsmart
11,Climbing Stairs,https://leetcode.com/problems/climbing-stairs,37,accenture;accolite;adobe;agoda;amazon;amd;apple;barclays;blackrock;bloomberg;bytedance;citadel;cognizant;deloitte;disney;fractal-analytics;goldman-sachs;google;grammarly;hpe;hsbc;ibm;infosys;intuit;josh-technology;medianet;meta;microsoft;nvidia;oracle;paypal;qualcomm;rakuten;tcs;tiktok;uber;zoho
12,Reverse Linked List,https://leetcode.com/problems/reverse-linked-list,34,accenture;adobe;amazon;apple;bloomberg;bytedance;cisco;epam-systems;goldman-sachs;google;ibm;jio;linkedin;luxoft;meta;microsoft;nvidia;oracle;paytm;qualcomm;sap;servicenow;siemens;snapchat;tcs;tiktok;twitter;uber;visa;yahoo;yandex;yelp;zenefits;zynga
13,Palindrome Number,https://leetcode.com/problems/palindrome-number,32,accenture;amazon;amd;bcg;bloomberg;capgemini;capital-one;cognizant;deloitte;epam-systems;exl;garmin;google;ibm;infosys;intel;luxoft;meta;microsoft;mindtree;morgan-stanley;oracle;persistent-systems;pornhub;qualcomm;sap;siemens;tcs;wipro;yahoo;yandex;zoho
14,Happy Number,https://leetcode.com/problems/happy-number,27,accenture;agoda;airbnb;amazon;apple;blackrock;bloomberg;cisco;google;ibm;jpmorgan;jump-trading;meta;microsoft;nike;oracle;paypal;snowflake;swiggy;tcs;tesla;tiktok;twitter;uber;verily;visa;zoho
15,Remove Duplicates from Sorted Array,https://leetcode.com/problems/remove-duplicates-from-sorted-array,27,accenture;amazon;apple;bloomberg;capgemini;cisco;cognizant;deloitte;epam-systems;goldman-sachs;google;ibm;impetus;infosys;meta;microsoft;morgan-stanley;myntra;oracle;qualcomm;siemens;tcs;uber;udemy;walmart-labs;yandex;zoho
16,First Unique Character in a String,https://leetcode.com/problems/first-unique-character-in-a-string,26,accenture;adobe;akamai;amazon;apple;bloomberg;deloitte;epam-systems;fidelity;goldman-sachs;google;ibm;jpmorgan;linkedin;meta;microsoft;morgan-stanley;nvidia;oracle;paypal;razorpay;tcs;visa;walmart-labs;yandex;zoho
17,Linked List Cycle,https://leetcode.com/problems/linked-list-cycle,25,accenture;amazon;autodesk;bloomberg;cisco;cognizant;goldman-sachs;google;huawei;ibm;infosys;linkedin;meta;microsoft;nagarro;nvidia;oracle;palo-alto-networks;qualcomm;samsung;sap;tcs;walmart-labs;yahoo;yandex
18,Majority Element,https://leetcode.com/problems/majority-element,22,accenture;adobe;amazon;autodesk;bloomberg;cognizant;de-shaw;goldman-sachs;google;ibm;infosys;meta;microsoft;morgan-stanley;netflix;oracle;pornhub;qualcomm;tcs;yandex;zenefits;zoho
19,Contains Duplicate,https://leetcode.com/problems/contains-duplicate,21,accenture;adobe;airbnb;amazon;apple;bloomberg;capgemini;google;ibm;infosys;meta;microsoft;netflix;nvidia;oracle;palantir;paycom;tcs;visa;yahoo;zoho
20,Logger Rate Limiter,https://leetcode.com/problems/logger-rate-limiter,21,amazon;appfolio;apple;atlassian;bloomberg;cloudflare;deliveroo;docusign;google;grammarly;intuit;meta;microsoft;netflix;oracle;palo-alto-networks;patreon;reddit;roblox;verily;waymo
21,Diameter of Binary Tree,https://leetcode.com/problems/diameter-of-binary-tree,19,amazon;apple;aurora;bloomberg;doordash;flipkart;google;meta;microsoft;nutanix;nvidia;oracle;snapdeal;tcs;tiktok;verkada;visa;walmart-labs;wix
22,Fizz Buzz,https://leetcode.com/problems/fizz-buzz,19,agoda;amazon;apple;bloomberg;capital-one;cisco;citadel;cognizant;goldman-sachs;google;ibm;jpmorgan;mastercard;meta;microsoft;nvidia;paypal;tcs;uber
23,Missing Number,https://leetcode.com/problems/missing-number,19,adobe;amazon;apple;aqr-capital-management;arista-networks;blackrock;bloomberg;goldman-sachs;google;hcl;ibm;meta;microsoft;nvidia;oracle;revolut;salesforce;tcs;zoho
24,Count Binary Substrings,https://leetcode.com/problems/count-binary-substrings,18,amazon;bloomberg;blue-origin;de-shaw;dell;google;helix;ibm;jpmorgan;meesho;meta;microsoft;oracle;salesforce;tiktok;uber;wells-fargo;weride
25,Intersection of Two Arrays,https://leetcode.com/problems/intersection-of-two-arrays,18,accenture;amazon;apple;bloomberg;capgemini;criteo;google;infosys;jpmorgan;meta;microsoft;mongodb;nvidia;tcs;two-sigma;wix;yandex;zoho
26,Pascal's Triangle,https://leetcode.com/problems/pascals-triangle,18,accenture;amazon;apple;bloomberg;deutsche-bank;goldman-sachs;google;htc;infosys;jpmorgan;meta;microsoft;mitsogo;tcs;twitter;virtusa;wipro;zoho
27,Sqrt(x),https://leetcode.com/problems/sqrtx,18,adobe;amazon;apple;bloomberg;citadel;goldman-sachs;google;grammarly;infosys;linkedin;meta;microsoft;nvidia;oracle;tcs;tiktok;uber;zoho
28,Squares of a Sorted Array,https://leetcode.com/problems/squares-of-a-sorted-array,17,accenture;adobe;agoda;amazon;bloomberg;crowdstrike;deutsche-bank;google;infosys;instacart;meta;microsoft;ozon;tcs;uber;whatnot;yandex
29,Can Place Flowers,https://leetcode.com/problems/can-place-flowers,16,airbnb;amazon;apple;atlassian;bloomberg;cisco;google;htc;linkedin;meta;microsoft;nike;nutanix;oracle;soti;yandex
30,Fibonacci Number,https://leetcode.com/problems/fibonacci-number,16,accenture;amazon;apple;bloomberg;cognizant;google;htc;infosys;intel;lti;meta;microsoft;nvidia;spotify;tcs;wix
31,Find Pivot Index,https://leetcode.com/problems/find-pivot-index,16,accenture;agoda;amazon;apple;attentive;bloomberg;coupang;expedia;goldman-sachs;google;ibm;meta;microsoft;myntra;radius;salesforce
32,Maximum Depth of Binary Tree,https://leetcode.com/problems/maximum-depth-of-binary-tree,16,accenture;amazon;apple;arista-networks;avito;bloomberg;google;infosys;linkedin;meta;microsoft;oracle;qualcomm;spotify;uber;yahoo
33,Next Greater Element I,https://leetcode.com/problems/next-greater-element-i,16,accenture;agoda;amazon;barclays;bloomberg;flipkart;goldman-sachs;google;meta;microsoft;morgan-stanley;oracle;swiggy;tcs;tiktok;uber
34,Palindrome Linked List,https://leetcode.com/problems/palindrome-linked-list,16,amazon;amd;bloomberg;ebay;google;infosys;intel;ixl;meta;microsoft;morgan-stanley;nvidia;oracle;sap;servicenow;yandex
35,Remove All Adjacent Duplicates In String,https://leetcode.com/problems/remove-all-adjacent-duplicates-in-string,16,amazon;apple;bloomberg;cisco;deloitte;fynd;geico;google;grammarly;meta;microsoft;oracle;paytm;ripple;whatnot;zoho
36,Valid Palindrome II,https://leetcode.com/problems/valid-palindrome-ii,16,amazon;apple;attentive;bloomberg;ebay;fortinet;google;ibm;meta;microsoft;roku;tiktok;uber;visa;whatnot;yandex
37,Add Binary,https://leetcode.com/problems/add-binary,15,adobe;amazon;apple;bloomberg;deloitte;google;ibm;infosys;meta;microsoft;snapchat;tcs;visa;walmart-labs;wipro
38,Find the Index of the First Occurrence in a String,https://leetcode.com/problems/find-the-index-of-the-first-occurrence-in-a-string,15,amazon;apple;bloomberg;capgemini;expedia;google;infosys;lg-electronics;linkedin;meta;microsoft;pocket-gems;qualcomm;tcs;zoho
39,Is Subsequence,https://leetcode.com/problems/is-subsequence,15,adobe;amazon;bloomberg;fractal-analytics;goldman-sachs;google;infosys;meta;microsoft;pinterest;qualcomm;tinkoff;wix;yandex;zoho
40,Isomorphic Strings,https://leetcode.com/problems/isomorphic-strings,15,amazon;american-express;bloomberg;goldman-sachs;google;hashedin;linkedin;meta;microsoft;oracle;remitly;sprinklr;yandex;zoho;zomato
41,Maximum Product of Three Numbers,https://leetcode.com/problems/maximum-product-of-three-numbers,15,amazon;apple;bloomberg;google;infosys;intuit;meta;microsoft;motive;nvidia;roku;salesforce;siemens;tcs;tiktok
42,Minimum Absolute Difference,https://leetcode.com/problems/minimum-absolute-difference,15,agoda;amazon;audible;bloomberg;cognizant;google;ibm;jpmorgan;meta;microsoft;nvidia;oracle;paycom;paypal;salesforce
43,Reverse String,https://leetcode.com/problems/reverse-string,15,accenture;amazon;apple;bloomberg;epam-systems;garmin;goldman-sachs;google;hcl;infosys;meta;microsoft;nvidia;qualcomm;tcs
44,Single Number,https://leetcode.com/problems/single-number,15,accenture;adobe;airbnb;amazon;amdocs;bloomberg;cisco;cognizant;google;meta;microsoft;palantir;qualcomm;tcs;yandex
45,Add Strings,https://leetcode.com/problems/add-strings,14,airbnb;amazon;bloomberg;capital-one;google;jane-street;meta;microsoft;oracle;tiktok;uber;visa;wayfair;yandex
46,Backspace String Compare,https://leetcode.com/problems/backspace-string-compare,14,agoda;amazon;bloomberg;goldman-sachs;google;ibm;meta;microsoft;microstrategy;oracle;roku;salesforce;wayfair;wells-fargo
47,Contains Duplicate II,https://leetcode.com/problems/contains-duplicate-ii,14,accenture;adobe;airbnb;amazon;apple;arista-networks;bloomberg;google;meta;microsoft;netflix;palantir;tcs;zoho
48,Design HashMap,https://leetcode.com/problems/design-hashmap,14,amazon;apple;couchbase;goldman-sachs;google;linkedin;meta;microsoft;oracle;palo-alto-networks;servicenow;snowflake;tiktok;tripactions
49,Middle of the Linked List,https://leetcode.com/problems/middle-of-the-linked-list,14,accenture;amazon;amd;apple;bloomberg;google;ibm;intuit;meta;microsoft;nvidia;qualcomm;tcs;walmart-labs
50,Intersection of Two Linked Lists,https://leetcode.com/problems/intersection-of-two-linked-lists,13,airbnb;amazon;apple;bloomberg;goldman-sachs;google;linkedin;meta;microsoft;samsung;tcs;tiktok;wells-fargo
51,Last Stone Weight,https://leetcode.com/problems/last-stone-weight,13,amazon;bloomberg;google;ibm;jpmorgan;meta;microsoft;nvidia;oracle;paypal;rippling;salesforce;visa
52,Max Consecutive Ones,https://leetcode.com/problems/max-consecutive-ones,13,accenture;amazon;apple;bloomberg;careem;cognizant;deloitte;google;ibm;meta;microsoft;tcs;yandex
53,Plus One,https://leetcode.com/problems/plus-one,13,accenture;amazon;bloomberg;capgemini;google;ibm;intuit;meta;microsoft;tcs;tiktok;visa;zoho
54,Binary Search,https://leetcode.com/problems/binary-search,12,amazon;bloomberg;cognizant;google;infosys;meta;microsoft;oracle;pure-storage;tcs;yandex;zoho
55,Count Vowel Substrings of a String,https://leetcode.com/problems/count-vowel-substrings-of-a-string,12,amazon;bloomberg;commvault;expedia;google;microsoft;noon;oracle;paypal;salesforce;snowflake;wells-fargo
56,Flood Fill,https://leetcode.com/problems/flood-fill,12,amazon;apple;bloomberg;capital-one;criteo;goldman-sachs;google;meta;microsoft;oracle;uber;visa
57,Moving Average from Data Stream,https://leetcode.com/problems/moving-average-from-data-stream,12,amazon;apple;arista-networks;bloomberg;citadel;google;indeed;meta;microsoft;qualcomm;spotify;tesla
58,Ransom Note,https://leetcode.com/problems/ransom-note,12,amazon;apple;bloomberg;criteo;disney;google;karat;meta;microsoft;sap;spotify;tripadvisor
59,Reverse Vowels of a String,https://leetcode.com/problems/reverse-vowels-of-a-string,12,accenture;amazon;apple;bloomberg;epam-systems;google;meta;microsoft;oracle;twitch;visa;zoho
60,Rising Temperature,https://leetcode.com/problems/rising-temperature,12,accenture;amazon;bloomberg;cisco;cognizant;deloitte;fractal-analytics;google;meesho;meta;microsoft;walmart-labs
61,Rotate String,https://leetcode.com/problems/rotate-string,12,accenture;amazon;bloomberg;google;meta;microsoft;natwest;oracle;rivian;tcs;wells-fargo;zoho
62,Search Insert Position,https://leetcode.com/problems/search-insert-position,12,accenture;amazon;bloomberg;cognizant;google;grammarly;ibm;meta;microsoft;tcs;yandex;zoho
63,Degree of an Array,https://leetcode.com/problems/degree-of-an-array,11,amazon;bloomberg;expedia;ge-digital;google;microsoft;oracle;paypal;rivian;sofi;turing
64,Implement Queue using Stacks,https://leetcode.com/problems/implement-queue-using-stacks,11,amazon;apple;bloomberg;google;infosys;meta;microsoft;qualcomm;sap;tiktok;yandex
65,Kth Largest Element in a Stream,https://leetcode.com/problems/kth-largest-element-in-a-stream,11,adobe;amazon;arista-networks;bloomberg;goldman-sachs;google;meta;microsoft;salesforce;tinder;wells-fargo
66,Maximum Average Subarray I,https://leetcode.com/problems/maximum-average-subarray-i,11,amazon;bloomberg;goldman-sachs;google;jpmorgan;meta;microsoft;oppo;tcs;uber;yandex
67,Number of 1 Bits,https://leetcode.com/problems/number-of-1-bits,11,amazon;apple;bloomberg;box;google;ibm;meta;microsoft;nvidia;qualcomm;verkada
68,Power of Two,https://leetcode.com/problems/power-of-two,11,amazon;bloomberg;goldman-sachs;google;infosys;meta;microsoft;nvidia;qualcomm;snapchat;tcs
69,Sort Array by Increasing Frequency,https://leetcode.com/problems/sort-array-by-increasing-frequency,11,accenture;adobe;agoda;amazon;bloomberg;google;meta;microsoft;oracle;tcs;zoho
70,Symmetric Tree,https://leetcode.com/problems/symmetric-tree,11,amazon;apple;bloomberg;goldman-sachs;google;linkedin;meta;microsoft;tiktok;vk;yandex
71,Add Digits,https://leetcode.com/problems/add-digits,10,adobe;amazon;bloomberg;google;infosys;meta;microsoft;pega;uber;visa
72,Check if Array Is Sorted and Rotated,https://leetcode.com/problems/check-if-array-is-sorted-and-rotated,10,amazon;bloomberg;goldman-sachs;google;ibm;meta;microsoft;soundhound;tcs;visa
73,Convert Binary Number in a Linked List to Integer,https://leetcode.com/problems/convert-binary-number-in-a-linked-list-to-integer,10,amazon;bloomberg;cisco;google;mathworks;meta;microsoft;nutanix;oracle;roblox
74,Counting Bits,https://leetcode.com/problems/counting-bits,10,adobe;amazon;apple;bloomberg;google;meta;microsoft;nvidia;oracle;qualcomm
75,Employees Earning More Than Their Managers,https://leetcode.com/problems/employees-earning-more-than-their-managers,10,accenture;amazon;bloomberg;cognizant;google;meta;microsoft;tcs;wix;yandex
76,Invert Binary Tree,https://leetcode.com/problems/invert-binary-tree,10,amazon;bloomberg;google;josh-technology;linkedin;meta;microsoft;oracle;palo-alto-networks;tiktok
77,Island Perimeter,https://leetcode.com/problems/island-perimeter,10,amazon;apple;bloomberg;cadence;google;josh-technology;meta;microsoft;oracle;zoho
78,Meeting Rooms,https://leetcode.com/problems/meeting-rooms,10,amazon;apple;bloomberg;google;meta;microsoft;oracle;palo-alto-networks;tiktok;uber
79,Merge Strings Alternately,https://leetcode.com/problems/merge-strings-alternately,10,amazon;bloomberg;google;ibm;meta;microsoft;oracle;uber;wells-fargo;zoho
80,Number of Good Pairs,https://leetcode.com/problems/number-of-good-pairs,10,accenture;amazon;bloomberg;google;htc;meta;microsoft;sony;tcs;zoho
81,Path Sum,https://leetcode.com/problems/path-sum,10,amazon;apple;bloomberg;datadog;goldman-sachs;google;meta;microsoft;palo-alto-networks;tiktok
82,Remove Duplicates from Sorted List,https://leetcode.com/problems/remove-duplicates-from-sorted-list,10,adobe;amazon;bloomberg;google;mcdonalds;meta;microsoft;nvidia;oracle;tcs
83,Remove Element,https://leetcode.com/problems/remove-element,10,adobe;amazon;apple;bloomberg;google;meta;microsoft;tcs;uber;yandex
84,Reverse Bits,https://leetcode.com/problems/reverse-bits,10,accenture;airbnb;amazon;apple;bloomberg;google;meta;microsoft;nvidia;qualcomm
85,Add Two Integers,https://leetcode.com/problems/add-two-integers,9,accenture;akamai;amazon;bloomberg;google;jane-street;meta;microsoft;tiktok
86,Article Views I,https://leetcode.com/problems/article-views-i,9,accenture;amazon;bloomberg;cognizant;google;linkedin;meta;microsoft;tcs
87,Assign Cookies,https://leetcode.com/problems/assign-cookies,9,accenture;amazon;apple;bloomberg;google;meta;microsoft;tcs;zoho
88,Convert Sorted Array to Binary Search Tree,https://leetcode.com/problems/convert-sorted-array-to-binary-search-tree,9,accenture;airbnb;amazon;apple;bloomberg;google;meta;microsoft;tiktok
89,Create Hello World Function,https://leetcode.com/problems/create-hello-world-function,9,amazon;bloomberg;google;innovaccer;meta;microsoft;tcs;wipro;yandex
90,Delete Duplicate Emails,https://leetcode.com/problems/delete-duplicate-emails,9,amazon;bloomberg;dell;google;infosys;maq-software;meta;microsoft;tcs
91,Excel Sheet Column Number,https://leetcode.com/problems/excel-sheet-column-number,9,amazon;bloomberg;docusign;goldman-sachs;google;microsoft;razorpay;uber;zoho
92,Implement Stack using Queues,https://leetcode.com/problems/implement-stack-using-queues,9,amazon;apple;bloomberg;goldman-sachs;google;meta;microsoft;nagarro;qualcomm
93,Intersection of Two Arrays II,https://leetcode.com/problems/intersection-of-two-arrays-ii,9,amazon;bloomberg;criteo;google;ibm;meta;microsoft;tcs;yandex
94,Kth Missing Positive Number,https://leetcode.com/problems/kth-missing-positive-number,9,amazon;bloomberg;google;ibm;meta;microsoft;morgan-stanley;oracle;tiktok
95,Longest Palindrome,https://leetcode.com/problems/longest-palindrome,9,accenture;amazon;bloomberg;google;hp;meta;microsoft;tcs;ubisoft
96,Maximum Population Year,https://leetcode.com/problems/maximum-population-year,9,amazon;apple;bloomberg;envoy;google;meta;microsoft;paypal;zoho
97,Maximum Units on a Truck,https://leetcode.com/problems/maximum-units-on-a-truck,9,amazon;arista-networks;bloomberg;google;ibm;jpmorgan;meta;microsoft;salesforce
98,Minimum Value to Get Positive Step by Step Sum,https://leetcode.com/problems/minimum-value-to-get-positive-step-by-step-sum,9,amazon;dell;expedia;goldman-sachs;google;ibm;meta;microsoft;swiggy
99,Number of Recent Calls,https://leetcode.com/problems/number-of-recent-calls,9,amazon;apple;bloomberg;databricks;google;meta;microsoft;roblox;yandex
100,Replace Employee ID With The Unique Identifier,https://leetcode.com/problems/replace-employee-id-with-the-unique-identifier,9,amazon;bloomberg;cognizant;google;infosys;meta;microsoft;point72;tcs
101,Same Tree,https://leetcode.com/problems/same-tree,9,accenture;amazon;apple;bloomberg;google;linkedin;meta;microsoft;sap
102,Water Bottles,https://leetcode.com/problems/water-bottles,9,accenture;amazon;bloomberg;google;hilabs;ibm;meta;microsoft;tcs
103,Word Pattern,https://leetcode.com/problems/word-pattern,9,amazon;bloomberg;dropbox;google;meta;microsoft;nvidia;uber;zoho
104,Count Elements With Maximum Frequency,https://leetcode.com/problems/count-elements-with-maximum-frequency,8,amazon;bloomberg;capgemini;cred;google;meta;microsoft;walmart-labs
105,Customer Who Visited but Did Not Make Any Transactions,https://leetcode.com/problems/customer-who-visited-but-did-not-make-any-transactions,8,adobe;amazon;bloomberg;google;meta;microsoft;nerdwallet;tcs
106,Excel Sheet Column Title,https://leetcode.com/problems/excel-sheet-column-title,8,amazon;bloomberg;de-shaw;google;meta;microsoft;zenefits;zoho
107,Find Customer Referee,https://leetcode.com/problems/find-customer-referee,8,adobe;amazon;bloomberg;google;meesho;meta;microsoft;tcs
108,Find Resultant Array After Removing Anagrams,https://leetcode.com/problems/find-resultant-array-after-removing-anagrams,8,amazon;bloomberg;google;ibm;jpmorgan;meta;microsoft;nextjump
109,Find the Difference of Two Arrays,https://leetcode.com/problems/find-the-difference-of-two-arrays,8,accenture;adobe;amazon;bloomberg;google;meta;microsoft;yandex
110,Greatest Common Divisor of Strings,https://leetcode.com/problems/greatest-common-divisor-of-strings,8,agoda;amazon;bloomberg;google;meta;microsoft;oracle;tiktok
111,Merge Two Binary Trees,https://leetcode.com/problems/merge-two-binary-trees,8,amazon;bloomberg;google;josh-technology;linkedin;meta;microsoft;mongodb
112,Perfect Number,https://leetcode.com/problems/perfect-number,8,accenture;amazon;bloomberg;fallible;google;grammarly;meta;microsoft
113,Power of Four,https://leetcode.com/problems/power-of-four,8,amazon;bloomberg;google;meta;microsoft;qualcomm;two-sigma;wix
114,Range Sum Query - Immutable,https://leetcode.com/problems/range-sum-query-immutable,8,amazon;bloomberg;google;infosys;meta;microsoft;palantir;tcs
115,Remove Linked List Elements,https://leetcode.com/problems/remove-linked-list-elements,8,amazon;apple;arista-networks;bloomberg;google;meta;microsoft;oracle
116,Repeated Substring Pattern,https://leetcode.com/problems/repeated-substring-pattern,8,amazon;bloomberg;ebay;google;meta;microsoft;myntra;tcs
117,Shortest Word Distance,https://leetcode.com/problems/shortest-word-distance,8,amazon;anduril;apple;linkedin;microsoft;patreon;snowflake;wix
118,Subtree of Another Tree,https://leetcode.com/problems/subtree-of-another-tree,8,amazon;bloomberg;compass;ebay;google;jump-trading;meta;microsoft
119,Summary Ranges,https://leetcode.com/problems/summary-ranges,8,amazon;bloomberg;google;meta;microsoft;netflix;vk;yandex
120,Third Maximum Number,https://leetcode.com/problems/third-maximum-number,8,amazon;bloomberg;goldman-sachs;google;meta;microsoft;nvidia;tcs
121,Time Needed to Buy Tickets,https://leetcode.com/problems/time-needed-to-buy-tickets,8,amazon;bloomberg;google;innovaccer;meta;microsoft;twitter;uber
122,Two Sum IV - Input is a BST,https://leetcode.com/problems/two-sum-iv-input-is-a-bst,8,amazon;bloomberg;cisco;goldman-sachs;google;meta;microsoft;samsung
123,Valid Mountain Array,https://leetcode.com/problems/valid-mountain-array,8,amazon;bloomberg;checkpoint;google;ibm;meta;microsoft;tiktok
124,Valid Word,https://leetcode.com/problems/valid-word,8,amazon;bloomberg;expedia;google;meta;microsoft;tcs;ukg
125,Verifying an Alien Dictionary,https://leetcode.com/problems/verifying-an-alien-dictionary,8,amazon;anduril;apple;bloomberg;google;meta;uber;wix
126,Average Selling Price,https://leetcode.com/problems/average-selling-price,7,amazon;apple;bloomberg;google;meta;microsoft;paypal
127,Average Time of Process per Machine,https://leetcode.com/problems/average-time-of-process-per-machine,7,accenture;amazon;bloomberg;google;meta;microsoft;mindtree
128,Balanced Binary Tree,https://leetcode.com/problems/balanced-binary-tree,7,amazon;bloomberg;google;meta;microsoft;viasat;visa
129,Binary Tree Paths,https://leetcode.com/problems/binary-tree-paths,7,amazon;apple;bloomberg;capital-one;google;meta;revolut
130,Closest Binary Search Tree Value,https://leetcode.com/problems/closest-binary-search-tree-value,7,bloomberg;fractal-analytics;google;meta;microsoft;snapchat;uber
131,Combine Two Tables,https://leetcode.com/problems/combine-two-tables,7,amazon;bloomberg;cognizant;google;infosys;meta;microsoft
132,Concatenation of Array,https://leetcode.com/problems/concatenation-of-array,7,amazon;bloomberg;ge-healthcare;google;infosys;meta;microsoft
133,Count Complete Tree Nodes,https://leetcode.com/problems/count-complete-tree-nodes,7,adobe;amazon;bloomberg;flipkart;google;meta;microsoft
134,Count Pairs Whose Sum is Less than Target,https://leetcode.com/problems/count-pairs-whose-sum-is-less-than-target,7,amazon;bloomberg;google;josh-technology;meta;microsoft;zoho
135,Cousins in Binary Tree,https://leetcode.com/problems/cousins-in-binary-tree,7,adobe;amazon;bloomberg;google;meta;microsoft;tiktok
136,Defanging an IP Address,https://leetcode.com/problems/defanging-an-ip-address,7,amazon;bloomberg;google;meta;microsoft;robinhood;zoho
137,Divisor Game,https://leetcode.com/problems/divisor-game,7,amazon;bloomberg;google;meta;microsoft;tcs;visa
138,Duplicate Emails,https://leetcode.com/problems/duplicate-emails,7,amazon;bloomberg;epam-systems;google;meta;microsoft;tcs
139,Employee Bonus,https://leetcode.com/problems/employee-bonus,7,amazon;bloomberg;google;meta;microsoft;netsuite;tcs
140,Fair Candy Swap,https://leetcode.com/problems/fair-candy-swap,7,amazon;bloomberg;fidessa;google;meta;microsoft;swiggy
141,Final Prices With a Special Discount in a Shop,https://leetcode.com/problems/final-prices-with-a-special-discount-in-a-shop,7,amazon;bloomberg;dream11;google;meta;microsoft;uber
142,Find Numbers with Even Number of Digits,https://leetcode.com/problems/find-numbers-with-even-number-of-digits,7,amazon;bloomberg;cognizant;google;meta;microsoft;quora
143,Find the Highest Altitude,https://leetcode.com/problems/find-the-highest-altitude,7,amazon;bloomberg;cognizant;google;meta;microsoft;zoho
144,Find the Original Typed String I,https://leetcode.com/problems/find-the-original-typed-string-i,7,amazon;bloomberg;google;lowe;meta;microsoft;tcs
145,Find the Town Judge,https://leetcode.com/problems/find-the-town-judge,7,amazon;arista-networks;bloomberg;google;meta;microsoft;turing
146,Find Winner on a Tic Tac Toe Game,https://leetcode.com/problems/find-winner-on-a-tic-tac-toe-game,7,amazon;apple;bloomberg;google;meta;microsoft;zoho
147,Find Words That Can Be Formed by Characters,https://leetcode.com/problems/find-words-that-can-be-formed-by-characters,7,amazon;bloomberg;google;karat;meta;microsoft;paypal
148,First Bad Version,https://leetcode.com/problems/first-bad-version,7,amazon;apple;bloomberg;google;meta;microsoft;whatnot
149,Guess Number Higher or Lower,https://leetcode.com/problems/guess-number-higher-or-lower,7,amazon;bloomberg;google;meta;microsoft;samsung;tcs
150,Invalid Tweets,https://leetcode.com/problems/invalid-tweets,7,acko;amazon;bloomberg;google;meta;microsoft;twitter
151,Lemonade Change,https://leetcode.com/problems/lemonade-change,7,amazon;bloomberg;google;meta;microsoft;zalando;zoho
152,Length of Last Word,https://leetcode.com/problems/length-of-last-word,7,amazon;bloomberg;google;meta;microsoft;qualcomm;tcs
153,Longest Harmonious Subsequence,https://leetcode.com/problems/longest-harmonious-subsequence,7,amazon;bloomberg;google;liveramp;meta;microsoft;zs-associates
154,Longest Strictly Increasing or Strictly Decreasing Subarray,https://leetcode.com/problems/longest-strictly-increasing-or-strictly-decreasing-subarray,7,amazon;bloomberg;google;larsen-toubro;meta;microsoft;yandex
155,Maximum 69 Number,https://leetcode.com/problems/maximum-69-number,7,amazon;bloomberg;google;hrt;hsbc;meta;microsoft
156,Maximum Nesting Depth of the Parentheses,https://leetcode.com/problems/maximum-nesting-depth-of-the-parentheses,7,amazon;bloomberg;google;intel;meta;microsoft;tcs
157,Maximum Product of Two Elements in an Array,https://leetcode.com/problems/maximum-product-of-two-elements-in-an-array,7,amazon;bloomberg;google;jpmorgan;meta;samsung;yandex
158,Min Cost Climbing Stairs,https://leetcode.com/problems/min-cost-climbing-stairs,7,amazon;bloomberg;google;meta;microsoft;squarepoint-capital;tcs
159,Minimum Bit Flips to Convert Number,https://leetcode.com/problems/minimum-bit-flips-to-convert-number,7,amazon;bloomberg;google;ibm;meta;microsoft;persistent-systems
160,Monotonic Array,https://leetcode.com/problems/monotonic-array,7,amazon;bloomberg;capital-one;google;meta;ozon;yandex
161,Percentage of Users Attended a Contest,https://leetcode.com/problems/percentage-of-users-attended-a-contest,7,amazon;bloomberg;fortinet;google;meta;microsoft;oracle
162,Product Sales Analysis I,https://leetcode.com/problems/product-sales-analysis-i,7,amazon;bloomberg;cognizant;google;meta;microsoft;tcs
163,Reverse String II,https://leetcode.com/problems/reverse-string-ii,7,accenture;amazon;bloomberg;google;infosys;meta;microsoft
164,Set Mismatch,https://leetcode.com/problems/set-mismatch,7,amazon;bloomberg;criteo;github;google;meta;microsoft
165,Sort Array By Parity,https://leetcode.com/problems/sort-array-by-parity,7,amazon;bloomberg;couchbase;ebay;google;meta;microsoft
166,Students and Examinations,https://leetcode.com/problems/students-and-examinations,7,amazon;bloomberg;cognizant;google;meta;microsoft;roblox
167,Sum of Left Leaves,https://leetcode.com/problems/sum-of-left-leaves,7,amazon;bloomberg;google;grammarly;meta;microsoft;uber
168,Transpose Matrix,https://leetcode.com/problems/transpose-matrix,7,amazon;apple;bloomberg;google;meta;microsoft;verkada
169,Ugly Number,https://leetcode.com/problems/ugly-number,7,amazon;bloomberg;github;google;meta;microsoft;tcs
170,Valid Perfect Square,https://leetcode.com/problems/valid-perfect-square,7,amazon;bloomberg;google;linkedin;meta;microsoft;sap
171,Valid Word Abbreviation,https://leetcode.com/problems/valid-word-abbreviation,7,amazon;datadog;google;meta;rokt;snowflake;tiktok
172,Arranging Coins,https://leetcode.com/problems/arranging-coins,6,amazon;bloomberg;godaddy;google;meta;microsoft
173,Baseball Game,https://leetcode.com/problems/baseball-game,6,amazon;bloomberg;google;meta;microsoft;turing
174,Big Countries,https://leetcode.com/problems/big-countries,6,amazon;bloomberg;google;meta;microsoft;tcs
175,Binary Gap,https://leetcode.com/problems/binary-gap,6,amazon;bloomberg;ebay;google;microsoft;twitter
176,Binary Tree Inorder Traversal,https://leetcode.com/problems/binary-tree-inorder-traversal,6,amazon;bloomberg;google;meta;microsoft;tcs
177,Binary Tree Preorder Traversal,https://leetcode.com/problems/binary-tree-preorder-traversal,6,amazon;bloomberg;google;meta;microsoft;salesforce
178,Calculate Amount Paid in Taxes,https://leetcode.com/problems/calculate-amount-paid-in-taxes,6,bloomberg;interactive-brokers;meta;oracle;snowflake;stripe
179,Check If a Word Occurs As a Prefix of Any Word in a Sentence,https://leetcode.com/problems/check-if-a-word-occurs-as-a-prefix-of-any-word-in-a-sentence,6,amazon;bloomberg;google;microsoft;tcs;yelp
180,Check if the Sentence Is Pangram,https://leetcode.com/problems/check-if-the-sentence-is-pangram,6,amazon;bloomberg;goldman-sachs;google;meta;microsoft
181,Convert a Number to Hexadecimal,https://leetcode.com/problems/convert-a-number-to-hexadecimal,6,amazon;bloomberg;google;meta;microsoft;tcs
182,Count Negative Numbers in a Sorted Matrix,https://leetcode.com/problems/count-negative-numbers-in-a-sorted-matrix,6,amazon;arista-networks;bloomberg;google;meta;microsoft
183,Count Prefix and Suffix Pairs I,https://leetcode.com/problems/count-prefix-and-suffix-pairs-i,6,autodesk;bloomberg;capital-one;fico;google;meta
184,Counter,https://leetcode.com/problems/counter,6,amazon;bloomberg;epam-systems;google;meta;microsoft
185,Customers Who Never Order,https://leetcode.com/problems/customers-who-never-order,6,amazon;bloomberg;deloitte;google;meta;microsoft
186,Delete Characters to Make Fancy String,https://leetcode.com/problems/delete-characters-to-make-fancy-string,6,amazon;bloomberg;google;meta;microsoft;wayfair
187,Design HashSet,https://leetcode.com/problems/design-hashset,6,amazon;bloomberg;google;marqeta;meta;wix
188,Design Parking System,https://leetcode.com/problems/design-parking-system,6,amazon;google;meta;tesla;uber;valve
189,Divide an Array Into Subarrays With Minimum Cost I,https://leetcode.com/problems/divide-an-array-into-subarrays-with-minimum-cost-i,6,amazon;american-express;bloomberg;google;meta;microsoft
190,Final Value of Variable After Performing Operations,https://leetcode.com/problems/final-value-of-variable-after-performing-operations,6,accenture;amazon;bloomberg;google;meta;microsoft
191,Find All Numbers Disappeared in an Array,https://leetcode.com/problems/find-all-numbers-disappeared-in-an-array,6,amazon;bloomberg;google;meta;microsoft;tinkoff
192,Find Closest Number to Zero,https://leetcode.com/problems/find-closest-number-to-zero,6,amazon;bloomberg;google;meta;microsoft;tiger-analytics
193,Find Common Characters,https://leetcode.com/problems/find-common-characters,6,amazon;bloomberg;google;meta;microsoft;tripadvisor
194,Find Lucky Integer in an Array,https://leetcode.com/problems/find-lucky-integer-in-an-array,6,amazon;bloomberg;google;meta;microsoft;zoho
195,Find Missing and Repeated Values,https://leetcode.com/problems/find-missing-and-repeated-values,6,amazon;bloomberg;google;meta;microsoft;zoho
196,Find N Unique Integers Sum up to Zero,https://leetcode.com/problems/find-n-unique-integers-sum-up-to-zero,6,amazon;american-express;bloomberg;google;meta;microsoft
197,Find Smallest Letter Greater Than Target,https://leetcode.com/problems/find-smallest-letter-greater-than-target,6,amazon;bloomberg;google;linkedin;meta;microsoft
198,Find Subsequence of Length K With the Largest Sum,https://leetcode.com/problems/find-subsequence-of-length-k-with-the-largest-sum,6,accenture;amazon;bloomberg;google;meta;tcs
199,Find the Difference,https://leetcode.com/problems/find-the-difference,6,accenture;amazon;bloomberg;google;meta;microsoft
200,Find the Distance Value Between Two Arrays,https://leetcode.com/problems/find-the-distance-value-between-two-arrays,6,amazon;bloomberg;google;microsoft;uber;zepto
201,Find Words Containing Character,https://leetcode.com/problems/find-words-containing-character,6,amazon;bloomberg;deliveroo;google;meta;microsoft
202,Flipping an Image,https://leetcode.com/problems/flipping-an-image,6,amazon;bloomberg;google;ibm;meta;microsoft
203,Game Play Analysis I,https://leetcode.com/problems/game-play-analysis-i,6,amazon;bloomberg;google;gsn-games;meta;microsoft
204,Height Checker,https://leetcode.com/problems/height-checker,6,amazon;bloomberg;google;ibm;microsoft;salesforce
205,How Many Numbers Are Smaller Than the Current Number,https://leetcode.com/problems/how-many-numbers-are-smaller-than-the-current-number,6,amazon;bloomberg;google;meta;microsoft;tcs
206,Image Smoother,https://leetcode.com/problems/image-smoother,6,amazon;apple;meta;microsoft;roblox;visa
207,Jewels and Stones,https://leetcode.com/problems/jewels-and-stones,6,amazon;bloomberg;google;meta;microsoft;yandex
208,Kids With the Greatest Number of Candies,https://leetcode.com/problems/kids-with-the-greatest-number-of-candies,6,amazon;bloomberg;google;infosys;meta;microsoft
209,Largest Odd Number in String,https://leetcode.com/problems/largest-odd-number-in-string,6,accenture;amazon;bloomberg;google;meta;microsoft
210,Leaf-Similar Trees,https://leetcode.com/problems/leaf-similar-trees,6,amazon;google;meta;microsoft;oracle;snowflake
211,Long Pressed Name,https://leetcode.com/problems/long-pressed-name,6,bloomberg;google;linkedin;meta;microsoft;zoho
212,Matrix Diagonal Sum,https://leetcode.com/problems/matrix-diagonal-sum,6,amazon;google;meta;microsoft;reliance-retails;yandex
213,Maximum Ascending Subarray Sum,https://leetcode.com/problems/maximum-ascending-subarray-sum,6,amazon;bloomberg;google;meta;microsoft;tcs
214,Maximum Repeating Substring,https://leetcode.com/problems/maximum-repeating-substring,6,amazon;asana;bloomberg;google;pure-storage;turing
215,Merge Two 2D Arrays by Summing Values,https://leetcode.com/problems/merge-two-2d-arrays-by-summing-values,6,amazon;bloomberg;google;meta;microsoft;yandex
216,Minimum Changes To Make Alternating Binary String,https://leetcode.com/problems/minimum-changes-to-make-alternating-binary-string,6,amazon;bloomberg;ibm;meta;microsoft;tesla
217,Minimum Depth of Binary Tree,https://leetcode.com/problems/minimum-depth-of-binary-tree,6,amazon;bloomberg;google;livspace;meta;microsoft
218,Minimum Time Visiting All Points,https://leetcode.com/problems/minimum-time-visiting-all-points,6,amazon;bloomberg;google;medianet;meta;microsoft
219,N-Repeated Element in Size 2N Array,https://leetcode.com/problems/n-repeated-element-in-size-2n-array,6,akamai;amazon;bloomberg;google;meta;zoho
220,N-th Tribonacci Number,https://leetcode.com/problems/n-th-tribonacci-number,6,amazon;bloomberg;coursera;google;meta;microsoft
221,Nim Game,https://leetcode.com/problems/nim-game,6,adobe;amazon;bloomberg;google;meta;microsoft
222,Number of Steps to Reduce a Number to Zero,https://leetcode.com/problems/number-of-steps-to-reduce-a-number-to-zero,6,amazon;bloomberg;google;hrt;meta;microsoft
223,Pascal's Triangle II,https://leetcode.com/problems/pascals-triangle-ii,6,amazon;bloomberg;goldman-sachs;google;meta;microsoft
224,Power of Three,https://leetcode.com/problems/power-of-three,6,amazon;bloomberg;goldman-sachs;google;meta;microsoft
225,Project Employees I,https://leetcode.com/problems/project-employees-i,6,amazon;bloomberg;google;meta;microsoft;tcs
226,Range Sum of BST,https://leetcode.com/problems/range-sum-of-bst,6,amazon;bloomberg;google;meta;microsoft;yandex
227,Rank Transform of an Array,https://leetcode.com/problems/rank-transform-of-an-array,6,agoda;amazon;bloomberg;google;meta;microsoft
228,Recyclable and Low Fat Products,https://leetcode.com/problems/recyclable-and-low-fat-products,6,amazon;bloomberg;google;meta;microsoft;tcs
229,Relative Sort Array,https://leetcode.com/problems/relative-sort-array,6,amazon;bloomberg;de-shaw;google;meta;walmart-labs
230,Remove Digit From Number to Maximize Result,https://leetcode.com/problems/remove-digit-from-number-to-maximize-result,6,amazon;bloomberg;google;infosys;meta;microsoft
231,Remove Outermost Parentheses,https://leetcode.com/problems/remove-outermost-parentheses,6,amazon;bloomberg;google;meta;microsoft;tcs
232,Return Length of Arguments Passed,https://leetcode.com/problems/return-length-of-arguments-passed,6,amazon;bloomberg;google;meta;microsoft;tcs
233,Reverse Only Letters,https://leetcode.com/problems/reverse-only-letters,6,amazon;google;microsoft;snowflake;tanium;turing
234,Reverse Words in a String III,https://leetcode.com/problems/reverse-words-in-a-string-iii,6,amazon;google;meta;microsoft;zappos;zoho
235,Running Sum of 1d Array,https://leetcode.com/problems/running-sum-of-1d-array,6,amazon;bloomberg;google;meta;microsoft;tcs
236,Shuffle the Array,https://leetcode.com/problems/shuffle-the-array,6,amazon;bloomberg;google;meta;microsoft;morgan-stanley
237,Sort Array By Parity II,https://leetcode.com/problems/sort-array-by-parity-ii,6,amazon;bloomberg;couchbase;google;meta;microsoft
238,Special Array I,https://leetcode.com/problems/special-array-i,6,amazon;bloomberg;google;meta;microsoft;national-payments-coorperation-india
239,Sum of Root To Leaf Binary Numbers,https://leetcode.com/problems/sum-of-root-to-leaf-binary-numbers,6,amazon;bloomberg;google;lime;meta;microsoft
240,To Be Or Not To Be,https://leetcode.com/problems/to-be-or-not-to-be,6,adobe;amazon;bloomberg;google;meta;microsoft
241,User Activity for the Past 30 Days I,https://leetcode.com/problems/user-activity-for-the-past-30-days-i,6,amazon;bloomberg;google;meta;microsoft;zoom
242,Add to Array-Form of Integer,https://leetcode.com/problems/add-to-array-form-of-integer,5,amazon;bloomberg;google;meta;microsoft
243,Add Two Promises,https://leetcode.com/problems/add-two-promises,5,amazon;bloomberg;google;meta;microsoft
244,Array Partition,https://leetcode.com/problems/array-partition,5,amazon;bloomberg;google;meta;microsoft
245,Array Prototype Last,https://leetcode.com/problems/array-prototype-last,5,amazon;bloomberg;google;meta;microsoft
246,Binary Number with Alternating Bits,https://leetcode.com/problems/binary-number-with-alternating-bits,5,amazon;bloomberg;google;microsoft;yahoo
247,Binary Tree Postorder Traversal,https://leetcode.com/problems/binary-tree-postorder-traversal,5,amazon;bloomberg;google;meta;microsoft
248,Binary Watch,https://leetcode.com/problems/binary-watch,5,amazon;bloomberg;google;meta;microsoft
249,Buddy Strings,https://leetcode.com/problems/buddy-strings,5,amazon;doordash;google;meta;zoho
250,Build Array from Permutation,https://leetcode.com/problems/build-array-from-permutation,5,amazon;bloomberg;google;meta;microsoft
251,Can Make Arithmetic Progression From Sequence,https://leetcode.com/problems/can-make-arithmetic-progression-from-sequence,5,amazon;bloomberg;google;meta;microsoft
252,Check If N and Its Double Exist,https://leetcode.com/problems/check-if-n-and-its-double-exist,5,amazon;bloomberg;google;meta;microsoft
253,Check if One String Swap Can Make Strings Equal,https://leetcode.com/problems/check-if-one-string-swap-can-make-strings-equal,5,amazon;doordash;google;meta;microsoft
254,Clear Digits,https://leetcode.com/problems/clear-digits,5,amazon;bloomberg;flexera;google;meta
255,Complement of Base 10 Integer,https://leetcode.com/problems/complement-of-base-10-integer,5,amazon;bloomberg;cloudera;google;meta
256,Construct the Minimum Bitwise Array I,https://leetcode.com/problems/construct-the-minimum-bitwise-array-i,5,amazon;aon;bloomberg;google;microsoft
257,Convert 1D Array Into 2D Array,https://leetcode.com/problems/convert-1d-array-into-2d-array,5,amazon;bloomberg;google;meta;microsoft
258,Count Equal and Divisible Pairs in an Array,https://leetcode.com/problems/count-equal-and-divisible-pairs-in-an-array,5,bloomberg;google;meta;microsoft;zeta-suite
259,Count Good Triplets,https://leetcode.com/problems/count-good-triplets,5,amazon;bloomberg;google;meta;turvo
260,Count Hills and Valleys in an Array,https://leetcode.com/problems/count-hills-and-valleys-in-an-array,5,amazon;bloomberg;google;meta;microsoft
261,Count Largest Group,https://leetcode.com/problems/count-largest-group,5,amazon;bloomberg;google;mercari;meta
262,Count Partitions with Even Sum Difference,https://leetcode.com/problems/count-partitions-with-even-sum-difference,5,accenture;amazon;bloomberg;google;microsoft
263,Count Square Sum Triples,https://leetcode.com/problems/count-square-sum-triples,5,bloomberg;google;meta;qualtrics;turing
264,Count Subarrays of Length Three With a Condition,https://leetcode.com/problems/count-subarrays-of-length-three-with-a-condition,5,amazon;cognizant;google;meta;microsoft
265,Count Symmetric Integers,https://leetcode.com/problems/count-symmetric-integers,5,amazon;bloomberg;google;meta;microsoft
266,Create a DataFrame from List,https://leetcode.com/problems/create-a-dataframe-from-list,5,amazon;bloomberg;google;meta;microsoft
267,Decrypt String from Alphabet to Integer Mapping,https://leetcode.com/problems/decrypt-string-from-alphabet-to-integer-mapping,5,bloomberg;google;meta;microsoft;oracle
268,Defuse the Bomb,https://leetcode.com/problems/defuse-the-bomb,5,amazon;bloomberg;google;meta;microsoft
269,Divide Array Into Equal Pairs,https://leetcode.com/problems/divide-array-into-equal-pairs,5,amazon;bloomberg;google;meta;microsoft
270,Find Common Elements Between Two Arrays,https://leetcode.com/problems/find-common-elements-between-two-arrays,5,amazon;bloomberg;google;meta;yandex
271,Find Followers Count,https://leetcode.com/problems/find-followers-count,5,amazon;bloomberg;google;microsoft;tesla
272,Find Greatest Common Divisor of Array,https://leetcode.com/problems/find-greatest-common-divisor-of-array,5,amazon;bloomberg;google;microsoft;tiaa
273,Find if Path Exists in Graph,https://leetcode.com/problems/find-if-path-exists-in-graph,5,amazon;bloomberg;google;meta;microsoft
274,Find the K-th Character in String Game I,https://leetcode.com/problems/find-the-k-th-character-in-string-game-i,5,amazon;bloomberg;google;meta;microsoft
275,Find X-Sum of All K-Long Subarrays I,https://leetcode.com/problems/find-x-sum-of-all-k-long-subarrays-i,5,amazon;bloomberg;google;meta;microsoft
276,Finding 3-Digit Even Numbers,https://leetcode.com/problems/finding-3-digit-even-numbers,5,amazon;bloomberg;google;meta;microsoft
277,Fix Names in a Table,https://leetcode.com/problems/fix-names-in-a-table,5,amazon;bloomberg;google;meta;microsoft
278,Fruits Into Baskets II,https://leetcode.com/problems/fruits-into-baskets-ii,5,amazon;google;meta;microsoft;udemy
279,Function Composition,https://leetcode.com/problems/function-composition,5,amazon;google;meta;microsoft;yandex
280,Largest 3-Same-Digit Number in String,https://leetcode.com/problems/largest-3-same-digit-number-in-string,5,bloomberg;google;meta;opentext;paypay
281,Largest Number After Digit Swaps by Parity,https://leetcode.com/problems/largest-number-after-digit-swaps-by-parity,5,bloomberg;google;ibm;salesforce;zscaler
282,Largest Perimeter Triangle,https://leetcode.com/problems/largest-perimeter-triangle,5,amazon;bloomberg;c3-ai;google;meta
283,Largest Positive Integer That Exists With Its Negative,https://leetcode.com/problems/largest-positive-integer-that-exists-with-its-negative,5,amazon;bloomberg;coupang;google;microsoft
284,Longest Continuous Increasing Subsequence,https://leetcode.com/problems/longest-continuous-increasing-subsequence,5,amazon;bloomberg;google;meta;yandex
285,Make Array Elements Equal to Zero,https://leetcode.com/problems/make-array-elements-equal-to-zero,5,amazon;bloomberg;google;meta;microsoft
286,Matrix Similarity After Cyclic Shifts,https://leetcode.com/problems/matrix-similarity-after-cyclic-shifts,5,amazon;google;meta;microsoft;salesforce
287,Maximum Difference Between Adjacent Elements in a Circular Array,https://leetcode.com/problems/maximum-difference-between-adjacent-elements-in-a-circular-array,5,amazon;bloomberg;google;meta;microsoft
288,Maximum Difference Between Increasing Elements,https://leetcode.com/problems/maximum-difference-between-increasing-elements,5,amazon;bloomberg;cisco;google;meta
289,Maximum Unique Subarray Sum After Deletion,https://leetcode.com/problems/maximum-unique-subarray-sum-after-deletion,5,amazon;bloomberg;google;meta;microsoft
290,Minimum Cuts to Divide a Circle,https://leetcode.com/problems/minimum-cuts-to-divide-a-circle,5,amazon;bloomberg;google;microsoft;tcs
291,Minimum Difference Between Highest and Lowest of K Scores,https://leetcode.com/problems/minimum-difference-between-highest-and-lowest-of-k-scores,5,amazon;google;meta;microsoft;tinkoff
292,Minimum Number Game,https://leetcode.com/problems/minimum-number-game,5,bloomberg;bt-group;google;meta;microsoft
293,Minimum Number of Operations to Make Elements in Array Distinct,https://leetcode.com/problems/minimum-number-of-operations-to-make-elements-in-array-distinct,5,amazon;bloomberg;google;meta;microsoft
294,Minimum Pair Removal to Sort Array I,https://leetcode.com/problems/minimum-pair-removal-to-sort-array-i,5,amazon;bloomberg;google;meta;microsoft
295,Minimum Recolors to Get K Consecutive Black Blocks,https://leetcode.com/problems/minimum-recolors-to-get-k-consecutive-black-blocks,5,amazon;dailyhunt;google;hp;meta
296,Minimum String Length After Removing Substrings,https://leetcode.com/problems/minimum-string-length-after-removing-substrings,5,amazon;bolt;google;ibm;wells-fargo
297,Most Common Word,https://leetcode.com/problems/most-common-word,5,amazon;datadog;google;meta;microsoft
298,Not Boring Movies,https://leetcode.com/problems/not-boring-movies,5,amazon;bloomberg;google;meta;microsoft
299,Number Complement,https://leetcode.com/problems/number-complement,5,amazon;cloudera;google;jpmorgan;meta
300,Number of Changing Keys,https://leetcode.com/problems/number-of-changing-keys,5,amazon;apple;autodesk;capital-one;visa
301,Number of Days Between Two Dates,https://leetcode.com/problems/number-of-days-between-two-dates,5,amazon;google;meta;microsoft;optiver
302,Number of Students Unable to Eat Lunch,https://leetcode.com/problems/number-of-students-unable-to-eat-lunch,5,amazon;bloomberg;google;meta;microsoft
303,Palindrome Permutation,https://leetcode.com/problems/palindrome-permutation,5,bloomberg;google;meta;microsoft;uber
304,Partition Array Into Three Parts With Equal Sum,https://leetcode.com/problems/partition-array-into-three-parts-with-equal-sum,5,amazon;bloomberg;google;microsoft;turing
305,Primary Department for Each Employee,https://leetcode.com/problems/primary-department-for-each-employee,5,amazon;bloomberg;google;meta;microsoft
306,Queries Quality and Percentage,https://leetcode.com/problems/queries-quality-and-percentage,5,amazon;bloomberg;google;meta;microsoft
307,Relative Ranks,https://leetcode.com/problems/relative-ranks,5,amazon;bloomberg;electronic-arts;google;microsoft
308,Reshape the Matrix,https://leetcode.com/problems/reshape-the-matrix,5,amazon;google;mathworks;meta;tcs
309,Reverse Prefix of Word,https://leetcode.com/problems/reverse-prefix-of-word,5,amazon;bloomberg;google;microsoft;optum
310,Richest Customer Wealth,https://leetcode.com/problems/richest-customer-wealth,5,amazon;bloomberg;google;meta;microsoft
311,Robot Return to Origin,https://leetcode.com/problems/robot-return-to-origin,5,amazon;bloomberg;goldman-sachs;google;microsoft
312,Root Equals Sum of Children,https://leetcode.com/problems/root-equals-sum-of-children,5,amazon;bloomberg;google;meta;microsoft
313,Score of a String,https://leetcode.com/problems/score-of-a-string,5,amazon;bloomberg;google;meta;microsoft
314,Search in a Binary Search Tree,https://leetcode.com/problems/search-in-a-binary-search-tree,5,amazon;bloomberg;google;meta;microsoft
315,Self Dividing Numbers,https://leetcode.com/problems/self-dividing-numbers,5,amazon;epic-systems;google;meta;microsoft
316,Sort the People,https://leetcode.com/problems/sort-the-people,5,amazon;bloomberg;google;infosys;meta
317,Special Array With X Elements Greater Than or Equal X,https://leetcode.com/problems/special-array-with-x-elements-greater-than-or-equal-x,5,amazon;bloomberg;google;meta;microsoft
318,String Matching in an Array,https://leetcode.com/problems/string-matching-in-an-array,5,amazon;bloomberg;google;meta;microsoft
319,Substrings of Size Three with Distinct Characters,https://leetcode.com/problems/substrings-of-size-three-with-distinct-characters,5,amazon;bloomberg;microsoft;quora;visa
320,Subtract the Product and Sum of Digits of an Integer,https://leetcode.com/problems/subtract-the-product-and-sum-of-digits-of-an-integer,5,amazon;bloomberg;google;meta;quora
321,Sum of All Subset XOR Totals,https://leetcode.com/problems/sum-of-all-subset-xor-totals,5,adobe;amazon;bloomberg;google;microsoft
322,Take Gifts From the Richest Pile,https://leetcode.com/problems/take-gifts-from-the-richest-pile,5,amazon;bloomberg;de-shaw;google;meta
323,Teemo Attacking,https://leetcode.com/problems/teemo-attacking,5,amazon;google;jane-street;riot-games;tcs
324,The K Weakest Rows in a Matrix,https://leetcode.com/problems/the-k-weakest-rows-in-a-matrix,5,amazon;bloomberg;google;meta;microsoft
325,The Number of Employees Which Report to Each Employee,https://leetcode.com/problems/the-number-of-employees-which-report-to-each-employee,5,amazon;bloomberg;google;meta;microsoft
326,Three Consecutive Odds,https://leetcode.com/problems/three-consecutive-odds,5,amazon;bloomberg;dji;google;meta
327,Toeplitz Matrix,https://leetcode.com/problems/toeplitz-matrix,5,bloomberg;google;meta;tcs;wipro
328,Triangle Judgement,https://leetcode.com/problems/triangle-judgement,5,amazon;bloomberg;google;meta;microsoft
329,Two Furthest Houses With Different Colors,https://leetcode.com/problems/two-furthest-houses-with-different-colors,5,amazon;bloomberg;google;meta;visa
330,Type of Triangle,https://leetcode.com/problems/type-of-triangle,5,bloomberg;google;ibm;meta;microsoft
331,Unique Number of Occurrences,https://leetcode.com/problems/unique-number-of-occurrences,5,amazon;bloomberg;google;meta;microsoft
332,1-bit and 2-bit Characters,https://leetcode.com/problems/1-bit-and-2-bit-characters,4,bloomberg;google;ixl;quora
333,A Number After a Double Reversal,https://leetcode.com/problems/a-number-after-a-double-reversal,4,amazon;bloomberg;google;meta
334,Adjacent Increasing Subarrays Detection I,https://leetcode.com/problems/adjacent-increasing-subarrays-detection-i,4,amazon;bloomberg;google;microsoft
335,Alternating Digit Sum,https://leetcode.com/problems/alternating-digit-sum,4,amazon;capital-one;ebay;visa
336,Apply Operations to an Array,https://leetcode.com/problems/apply-operations-to-an-array,4,amazon;bloomberg;google;meta
337,Average of Levels in Binary Tree,https://leetcode.com/problems/average-of-levels-in-binary-tree,4,amazon;google;meta;microsoft
338,Base 7,https://leetcode.com/problems/base-7,4,amazon;google;meta;microsoft
339,Calculate Money in Leetcode Bank,https://leetcode.com/problems/calculate-money-in-leetcode-bank,4,amazon;google;meta;microsoft
340,Check if All Characters Have Equal Number of Occurrences,https://leetcode.com/problems/check-if-all-characters-have-equal-number-of-occurrences,4,amazon;bloomberg;bolt;google
341,Check If Digits Are Equal in String After Operations I,https://leetcode.com/problems/check-if-digits-are-equal-in-string-after-operations-i,4,amazon;google;meta;microsoft
342,Check if Every Row and Column Contains All Numbers,https://leetcode.com/problems/check-if-every-row-and-column-contains-all-numbers,4,indeed;instacart;karat;zoho
343,Consecutive Characters,https://leetcode.com/problems/consecutive-characters,4,amazon;bloomberg;goldman-sachs;meta
344,Convert Integer to the Sum of Two No-Zero Integers,https://leetcode.com/problems/convert-integer-to-the-sum-of-two-no-zero-integers,4,amazon;google;hrt;microsoft
345,Count Number of Pairs With Absolute Difference K,https://leetcode.com/problems/count-number-of-pairs-with-absolute-difference-k,4,amazon;google;microsoft;tcs
346,Count Odd Numbers in an Interval Range,https://leetcode.com/problems/count-odd-numbers-in-an-interval-range,4,amazon;google;meta;microsoft
347,Count of Matches in Tournament,https://leetcode.com/problems/count-of-matches-in-tournament,4,amazon;google;meta;microsoft
348,Count Operations to Obtain Zero,https://leetcode.com/problems/count-operations-to-obtain-zero,4,amazon;capital-one;google;payu
349,Count Pairs Of Similar Strings,https://leetcode.com/problems/count-pairs-of-similar-strings,4,adobe;ibm;oracle;tiktok
350,Counter II,https://leetcode.com/problems/counter-ii,4,amazon;google;microsoft;yandex
351,Counting Words With a Given Prefix,https://leetcode.com/problems/counting-words-with-a-given-prefix,4,bloomberg;google;meta;microsoft
352,Create Target Array in the Given Order,https://leetcode.com/problems/create-target-array-in-the-given-order,4,amazon;bloomberg;google;visa
353,Customer Placing the Largest Number of Orders,https://leetcode.com/problems/customer-placing-the-largest-number-of-orders,4,amazon;google;microsoft;twitter
354,Decode the Message,https://leetcode.com/problems/decode-the-message,4,amazon;coinbase;google;meta
355,Delete Columns to Make Sorted,https://leetcode.com/problems/delete-columns-to-make-sorted,4,amazon;garmin;google;meta
356,Destination City,https://leetcode.com/problems/destination-city,4,amazon;meta;yandex;yelp
357,Detect Capital,https://leetcode.com/problems/detect-capital,4,bloomberg;google;meta;microsoft
358,Determine Whether Matrix Can Be Obtained By Rotation,https://leetcode.com/problems/determine-whether-matrix-can-be-obtained-by-rotation,4,amazon;google;meta;microsoft
359,Difference Between Element Sum and Digit Sum of an Array,https://leetcode.com/problems/difference-between-element-sum-and-digit-sum-of-an-array,4,amazon;bloomberg;google;innovaccer
360,Display the First Three Rows,https://leetcode.com/problems/display-the-first-three-rows,4,amazon;google;meta;microsoft
361,Distribute Money to Maximum Children,https://leetcode.com/problems/distribute-money-to-maximum-children,4,apple;google;gusto;zendesk
362,Divisible and Non-divisible Sums Difference,https://leetcode.com/problems/divisible-and-non-divisible-sums-difference,4,amazon;bloomberg;google;meta
363,Duplicate Zeros,https://leetcode.com/problems/duplicate-zeros,4,amazon;bloomberg;google;microsoft
364,Element Appearing More Than 25% In Sorted Array,https://leetcode.com/problems/element-appearing-more-than-25-in-sorted-array,4,amazon;google;meta;microsoft
365,Final Array State After K Multiplication Operations I,https://leetcode.com/problems/final-array-state-after-k-multiplication-operations-i,4,amazon;bloomberg;google;microsoft
366,Find All K-Distant Indices in an Array,https://leetcode.com/problems/find-all-k-distant-indices-in-an-array,4,amazon;bloomberg;google;meta
367,Find Center of Star Graph,https://leetcode.com/problems/find-center-of-star-graph,4,amazon;bloomberg;google;microsoft
368,Find Closest Person,https://leetcode.com/problems/find-closest-person,4,amazon;bloomberg;google;meta
369,Find Minimum Operations to Make All Elements Divisible by Three,https://leetcode.com/problems/find-minimum-operations-to-make-all-elements-divisible-by-three,4,amazon;bloomberg;google;tcs
370,Find Mode in Binary Search Tree,https://leetcode.com/problems/find-mode-in-binary-search-tree,4,amazon;bloomberg;google;meta
371,Find the Maximum Achievable Number,https://leetcode.com/problems/find-the-maximum-achievable-number,4,amazon;bloomberg;google;microsoft
372,Find the Middle Index in Array,https://leetcode.com/problems/find-the-middle-index-in-array,4,amazon;bloomberg;code-studio;google
373,Find Users With Valid E-Mails,https://leetcode.com/problems/find-users-with-valid-e-mails,4,amazon;bloomberg;google;meta
374,Furthest Point From Origin,https://leetcode.com/problems/furthest-point-from-origin,4,barclays;bloomberg;google;meta
375,Hamming Distance,https://leetcode.com/problems/hamming-distance,4,amazon;bloomberg;google;meta
376,Keep Multiplying Found Values by Two,https://leetcode.com/problems/keep-multiplying-found-values-by-two,4,bloomberg;goldman-sachs;google;meta
377,Keyboard Row,https://leetcode.com/problems/keyboard-row,4,amazon;google;mathworks;microsoft
378,Largest Local Values in a Matrix,https://leetcode.com/problems/largest-local-values-in-a-matrix,4,bloomberg;google;meta;openai
379,Largest Number At Least Twice of Others,https://leetcode.com/problems/largest-number-at-least-twice-of-others,4,bloomberg;google;microsoft;zoho
380,Lexicographically Smallest Palindrome,https://leetcode.com/problems/lexicographically-smallest-palindrome,4,amazon;mathworks;meta;paypal
381,Longest Nice Substring,https://leetcode.com/problems/longest-nice-substring,4,amazon;bloomberg;google;microsoft
382,Longest Subsequence With Limited Sum,https://leetcode.com/problems/longest-subsequence-with-limited-sum,4,amazon;google;meta;uber
383,Make The String Great,https://leetcode.com/problems/make-the-string-great,4,amazon;blackstone;bloomberg;google
384,Make Two Arrays Equal by Reversing Subarrays,https://leetcode.com/problems/make-two-arrays-equal-by-reversing-subarrays,4,amazon;bloomberg;meta;microsoft
385,Max Pair Sum in an Array,https://leetcode.com/problems/max-pair-sum-in-an-array,4,amazon;google;meta;microsoft
386,Maximum Area of Longest Diagonal Rectangle,https://leetcode.com/problems/maximum-area-of-longest-diagonal-rectangle,4,accenture;atlassian;google;meta
387,Maximum Count of Positive Integer and Negative Integer,https://leetcode.com/problems/maximum-count-of-positive-integer-and-negative-integer,4,google;meta;microsoft;sharechat
388,Maximum Difference Between Even and Odd Frequency I,https://leetcode.com/problems/maximum-difference-between-even-and-odd-frequency-i,4,amazon;google;meta;microsoft
389,Maximum Number of Words Found in Sentences,https://leetcode.com/problems/maximum-number-of-words-found-in-sentences,4,amazon;google;microsoft;zoho
390,Maximum Number of Words You Can Type,https://leetcode.com/problems/maximum-number-of-words-you-can-type,4,amazon;google;microsoft;quora
391,Maximum Value of an Ordered Triplet I,https://leetcode.com/problems/maximum-value-of-an-ordered-triplet-i,4,amazon;google;medianet;meta
392,Minimum Cost to Move Chips to The Same Position,https://leetcode.com/problems/minimum-cost-to-move-chips-to-the-same-position,4,amazon;bloomberg;microsoft;morgan-stanley
393,Minimum Distance Between BST Nodes,https://leetcode.com/problems/minimum-distance-between-bst-nodes,4,amazon;google;meta;wix
394,Minimum Distance to the Target Element,https://leetcode.com/problems/minimum-distance-to-the-target-element,4,amazon;bloomberg;google;honeywell
395,Minimum Index Sum of Two Lists,https://leetcode.com/problems/minimum-index-sum-of-two-lists,4,amazon;bloomberg;google;yelp
396,Minimum Number of Moves to Seat Everyone,https://leetcode.com/problems/minimum-number-of-moves-to-seat-everyone,4,amazon;google;meta;microsoft
397,Minimum Number of Pushes to Type Word I,https://leetcode.com/problems/minimum-number-of-pushes-to-type-word-i,4,amazon;elitmus;google;snapchat
398,Minimum Operations to Make Array Sum Divisible by K,https://leetcode.com/problems/minimum-operations-to-make-array-sum-divisible-by-k,4,amazon;google;meta;microsoft
399,Minimum Operations to Make Array Values Equal to K,https://leetcode.com/problems/minimum-operations-to-make-array-values-equal-to-k,4,bloomberg;google;lowe;microsoft
400,Minimum Operations to Make the Array Increasing,https://leetcode.com/problems/minimum-operations-to-make-the-array-increasing,4,amazon;deutsche-bank;google;tiktok
401,Odd String Difference,https://leetcode.com/problems/odd-string-difference,4,ibm;salesforce;visa;wise
402,Rectangle Overlap,https://leetcode.com/problems/rectangle-overlap,4,amazon;meta;microsoft;qualcomm
403,Reformat Date,https://leetcode.com/problems/reformat-date,4,adobe;expedia;oracle;twilio
404,Reformat Department Table,https://leetcode.com/problems/reformat-department-table,4,amazon;google;meta;microsoft
405,Remove Letter To Equalize Frequency,https://leetcode.com/problems/remove-letter-to-equalize-frequency,4,bloomberg;google;tcs;walmart-labs
406,Replace Elements with Greatest Element on Right Side,https://leetcode.com/problems/replace-elements-with-greatest-element-on-right-side,4,amazon;google;meta;zoho
407,Row With Maximum Ones,https://leetcode.com/problems/row-with-maximum-ones,4,amazon;bloomberg;google;microsoft
408,Sales Person,https://leetcode.com/problems/sales-person,4,amazon;bloomberg;google;meta
409,Shortest Distance to a Character,https://leetcode.com/problems/shortest-distance-to-a-character,4,amazon;bloomberg;google;microsoft
410,Shortest Distance to Target String in a Circular Array,https://leetcode.com/problems/shortest-distance-to-target-string-in-a-circular-array,4,amazon;bloomberg;microsoft;salesforce
411,Sort Integers by The Number of 1 Bits,https://leetcode.com/problems/sort-integers-by-the-number-of-1-bits,4,amazon;google;mapbox;microsoft
412,Special Positions in a Binary Matrix,https://leetcode.com/problems/special-positions-in-a-binary-matrix,4,amazon;etsy;google;meta
413,Split a String in Balanced Strings,https://leetcode.com/problems/split-a-string-in-balanced-strings,4,amazon;google;meta;salesforce
414,Split the Array,https://leetcode.com/problems/split-the-array,4,adobe;google;meta;visa
415,Sum of Digits of String After Convert,https://leetcode.com/problems/sum-of-digits-of-string-after-convert,4,bloomberg;google;meta;microsoft
416,Sum of Unique Elements,https://leetcode.com/problems/sum-of-unique-elements,4,amazon;bloomberg;google;meta
417,Swap Sex of Employees,https://leetcode.com/problems/swap-sex-of-employees,4,amazon;bloomberg;meta;microsoft
418,Tenth Line,https://leetcode.com/problems/tenth-line,4,adobe;bloomberg;google;meta
419,The Two Sneaky Numbers of Digitville,https://leetcode.com/problems/the-two-sneaky-numbers-of-digitville,4,amazon;google;meta;microsoft
420,Transformed Array,https://leetcode.com/problems/transformed-array,4,amazon;google;meta;microsoft
421,Trionic Array I,https://leetcode.com/problems/trionic-array-i,4,amazon;google;infosys;meta
422,Unique Email Addresses,https://leetcode.com/problems/unique-email-addresses,4,amazon;google;intuit;wix
423,Valid Phone Numbers,https://leetcode.com/problems/valid-phone-numbers,4,amazon;google;meta;microsoft
424,Widest Vertical Area Between Two Points Containing No Points,https://leetcode.com/problems/widest-vertical-area-between-two-points-containing-no-points,4,amazon;general-motors;google;microsoft
425,Actors and Directors Who Cooperated At Least Three Times,https://leetcode.com/problems/actors-and-directors-who-cooperated-at-least-three-times,3,amazon;google;microsoft
426,Allow One Function Call,https://leetcode.com/problems/allow-one-function-call,3,amazon;google;yandex
427,Alternating Groups I,https://leetcode.com/problems/alternating-groups-i,3,amazon;google;samsara
428,Ant on the Boundary,https://leetcode.com/problems/ant-on-the-boundary,3,accenture;amazon;google
429,Apple Redistribution into Boxes,https://leetcode.com/problems/apple-redistribution-into-boxes,3,apple;bloomberg;google
430,Apply Transform Over Each Element in Array,https://leetcode.com/problems/apply-transform-over-each-element-in-array,3,amazon;google;meta
431,Biggest Single Number,https://leetcode.com/problems/biggest-single-number,3,amazon;bloomberg;google
432,Binary Prefix Divisible By 5,https://leetcode.com/problems/binary-prefix-divisible-by-5,3,amazon;google;microsoft
433,Binary Tree Tilt,https://leetcode.com/problems/binary-tree-tilt,3,amazon;indeed;meta
434,Check If All 1's Are at Least Length K Places Away,https://leetcode.com/problems/check-if-all-1s-are-at-least-length-k-places-away,3,bloomberg;google;meta
435,Check if All the Integers in a Range Are Covered,https://leetcode.com/problems/check-if-all-the-integers-in-a-range-are-covered,3,amazon;bloomberg;squarespace
436,Check if Array is Good,https://leetcode.com/problems/check-if-array-is-good,3,bloomberg;google;microsoft
437,Check if Binary String Has at Most One Segment of Ones,https://leetcode.com/problems/check-if-binary-string-has-at-most-one-segment-of-ones,3,amazon;cisco;google
438,Check If It Is a Straight Line,https://leetcode.com/problems/check-if-it-is-a-straight-line,3,amazon;datadog;palantir
439,Check if Strings Can be Made Equal With Operations I,https://leetcode.com/problems/check-if-strings-can-be-made-equal-with-operations-i,3,citrix;google;microsoft
440,Check if Two Chessboard Squares Have the Same Color,https://leetcode.com/problems/check-if-two-chessboard-squares-have-the-same-color,3,amazon;bloomberg;meta
441,Check If Two String Arrays are Equivalent,https://leetcode.com/problems/check-if-two-string-arrays-are-equivalent,3,amazon;google;meta
442,Classes With at Least 5 Students,https://leetcode.com/problems/classes-with-at-least-5-students,3,bloomberg;google;microsoft
443,Count Items Matching a Rule,https://leetcode.com/problems/count-items-matching-a-rule,3,amazon;google;meta
444,Count Special Quadruplets,https://leetcode.com/problems/count-special-quadruplets,3,google;meta;microsoft
445,Count the Digits That Divide a Number,https://leetcode.com/problems/count-the-digits-that-divide-a-number,3,amazon;google;tcs
446,Count the Number of Consistent Strings,https://leetcode.com/problems/count-the-number-of-consistent-strings,3,bloomberg;google;robinhood
447,Crawler Log Folder,https://leetcode.com/problems/crawler-log-folder,3,amazon;mercari;meta
448,Daily Leads and Partners,https://leetcode.com/problems/daily-leads-and-partners,3,amazon;bloomberg;google
449,Day of the Week,https://leetcode.com/problems/day-of-the-week,3,google;microsoft;zoho
450,Design an Ordered Stream,https://leetcode.com/problems/design-an-ordered-stream,3,bloomberg;meta;yandex
451,DI String Match,https://leetcode.com/problems/di-string-match,3,amazon;bloomberg;google
452,Distribute Candies,https://leetcode.com/problems/distribute-candies,3,bloomberg;google;liveramp
453,Divide a String Into Groups of Size k,https://leetcode.com/problems/divide-a-string-into-groups-of-size-k,3,bloomberg;canonical;google
454,Filter Elements from Array,https://leetcode.com/problems/filter-elements-from-array,3,amazon;bloomberg;google
455,Find Most Frequent Vowel and Consonant,https://leetcode.com/problems/find-most-frequent-vowel-and-consonant,3,amazon;google;meta
456,Find Nearest Point That Has the Same X or Y Coordinate,https://leetcode.com/problems/find-nearest-point-that-has-the-same-x-or-y-coordinate,3,amazon;doordash;google
457,Find the K-Beauty of a Number,https://leetcode.com/problems/find-the-k-beauty-of-a-number,3,google;postmates;quora
458,Find the Pivot Integer,https://leetcode.com/problems/find-the-pivot-integer,3,amazon;google;meta
459,Find Valid Pair of Adjacent Digits in String,https://leetcode.com/problems/find-valid-pair-of-adjacent-digits-in-string,3,amazon;google;oracle
460,GCD of Odd and Even Sums,https://leetcode.com/problems/gcd-of-odd-and-even-sums,3,bloomberg;google;microsoft
461,Goat Latin,https://leetcode.com/problems/goat-latin,3,apple;meta;microsoft
462,Group Sold Products By The Date,https://leetcode.com/problems/group-sold-products-by-the-date,3,amazon;google;meta
463,Increasing Decreasing String,https://leetcode.com/problems/increasing-decreasing-string,3,akuna-capital;amazon;google
464,Largest Triangle Area,https://leetcode.com/problems/largest-triangle-area,3,amazon;bloomberg;google
465,Lucky Numbers in a Matrix,https://leetcode.com/problems/lucky-numbers-in-a-matrix,3,amazon;cisco;oracle
466,Maximize Sum Of Array After K Negations,https://leetcode.com/problems/maximize-sum-of-array-after-k-negations,3,druva;google;uber
467,Maximum Difference by Remapping a Digit,https://leetcode.com/problems/maximum-difference-by-remapping-a-digit,3,amazon;google;meta
468,Maximum Number of Balls in a Box,https://leetcode.com/problems/maximum-number-of-balls-in-a-box,3,accenture;appdynamics;lucid
469,Maximum Odd Binary Number,https://leetcode.com/problems/maximum-odd-binary-number,3,amazon;google;meta
470,Maximum Score After Splitting a String,https://leetcode.com/problems/maximum-score-after-splitting-a-string,3,amazon;google;meta
471,Minimum Absolute Difference in BST,https://leetcode.com/problems/minimum-absolute-difference-in-bst,3,amazon;google;meta
472,Minimum Common Value,https://leetcode.com/problems/minimum-common-value,3,bloomberg;google;microsoft
473,Minimum Cost of Buying Candies With Discount,https://leetcode.com/problems/minimum-cost-of-buying-candies-with-discount,3,garmin;meta;nokia
474,Minimum Moves to Convert String,https://leetcode.com/problems/minimum-moves-to-convert-string,3,bloomberg;google;jeavio
475,Minimum Number of Chairs in a Waiting Room,https://leetcode.com/problems/minimum-number-of-chairs-in-a-waiting-room,3,amazon;expedia;goldman-sachs
476,Minimum Time to Type Word Using Special Typewriter,https://leetcode.com/problems/minimum-time-to-type-word-using-special-typewriter,3,ibm;jpmorgan;thomson-reuters
477,Missing Ranges,https://leetcode.com/problems/missing-ranges,3,apple;google;meta
478,N-ary Tree Postorder Traversal,https://leetcode.com/problems/n-ary-tree-postorder-traversal,3,amazon;bloomberg;google
479,Number of Common Factors,https://leetcode.com/problems/number-of-common-factors,3,amazon;google;meta
480,Number of Equivalent Domino Pairs,https://leetcode.com/problems/number-of-equivalent-domino-pairs,3,amazon;bloomberg;google
481,Number of Segments in a String,https://leetcode.com/problems/number-of-segments-in-a-string,3,amazon;google;microsoft
482,Number of Unique Subjects Taught by Each Teacher,https://leetcode.com/problems/number-of-unique-subjects-taught-by-each-teacher,3,amazon;capgemini;google
483,Number of Valid Words in a Sentence,https://leetcode.com/problems/number-of-valid-words-in-a-sentence,3,cisco;meta;oracle
484,Pass the Pillow,https://leetcode.com/problems/pass-the-pillow,3,bloomberg;google;mathworks
485,Path Crossing,https://leetcode.com/problems/path-crossing,3,amazon;google;yandex
486,Patients With a Condition,https://leetcode.com/problems/patients-with-a-condition,3,amazon;bloomberg;google
487,Read N Characters Given Read4,https://leetcode.com/problems/read-n-characters-given-read4,3,apple;google;meta
488,Rearrange Products Table,https://leetcode.com/problems/rearrange-products-table,3,amazon;google;meta
489,Remove One Element to Make the Array Strictly Increasing,https://leetcode.com/problems/remove-one-element-to-make-the-array-strictly-increasing,3,amazon;ebay;goldman-sachs
490,Sales Analysis III,https://leetcode.com/problems/sales-analysis-iii,3,amazon;bloomberg;google
491,Select Data,https://leetcode.com/problems/select-data,3,bloomberg;google;microsoft
492,Separate the Digits in an Array,https://leetcode.com/problems/separate-the-digits-in-an-array,3,google;meta;microsoft
493,Sign of the Product of an Array,https://leetcode.com/problems/sign-of-the-product-of-an-array,3,amazon;meta;microsoft
494,Smallest Even Multiple,https://leetcode.com/problems/smallest-even-multiple,3,amazon;bloomberg;google
495,Smallest Number With All Set Bits,https://leetcode.com/problems/smallest-number-with-all-set-bits,3,amazon;google;microsoft
496,Smallest Range I,https://leetcode.com/problems/smallest-range-i,3,adobe;glassdoor;google
497,Sort By,https://leetcode.com/problems/sort-by,3,amazon;bloomberg;google
498,Sort Even and Odd Indices Independently,https://leetcode.com/problems/sort-even-and-odd-indices-independently,3,google;microsoft;zoho
499,Sorting the Sentence,https://leetcode.com/problems/sorting-the-sentence,3,amazon;google;microsoft
500,Split Strings by Separator,https://leetcode.com/problems/split-strings-by-separator,3,amazon;apple;coupang
501,Sum of All Odd Length Subarrays,https://leetcode.com/problems/sum-of-all-odd-length-subarrays,3,amazon;google;linkedin
502,To Lower Case,https://leetcode.com/problems/to-lower-case,3,google;meta;microsoft
503,Two Out of Three,https://leetcode.com/problems/two-out-of-three,3,amazon;bookingcom;info-edge
504,Univalued Binary Tree,https://leetcode.com/problems/univalued-binary-tree,3,box;google;twilio
505,Zigzag Grid Traversal With Skip,https://leetcode.com/problems/zigzag-grid-traversal-with-skip,3,google;meta;tcs
506,Array Reduce Transformation,https://leetcode.com/problems/array-reduce-transformation,2,google;microsoft
507,Available Captures for Rook,https://leetcode.com/problems/available-captures-for-rook,2,google;square
508,Average Salary Excluding the Minimum and Maximum Salary,https://leetcode.com/problems/average-salary-excluding-the-minimum-and-maximum-salary,2,bloomberg;netsuite
509,Best Poker Hand,https://leetcode.com/problems/best-poker-hand,2,amazon;apple
510,Bitwise OR of Even Numbers in an Array,https://leetcode.com/problems/bitwise-or-of-even-numbers-in-an-array,2,meta;microsoft
511,Button with Longest Push Time,https://leetcode.com/problems/button-with-longest-push-time,2,amazon;jpmorgan
512,Calculator with Method Chaining,https://leetcode.com/problems/calculator-with-method-chaining,2,bloomberg;microsoft
513,Categorize Box According to Criteria,https://leetcode.com/problems/categorize-box-according-to-criteria,2,microsoft;zendesk
514,Cells with Odd Values in a Matrix,https://leetcode.com/problems/cells-with-odd-values-in-a-matrix,2,google;microsoft
515,Check if a String Is an Acronym of Words,https://leetcode.com/problems/check-if-a-string-is-an-acronym-of-words,2,amazon;uber
516,Check if All A's Appears Before All B's,https://leetcode.com/problems/check-if-all-as-appears-before-all-bs,2,bloomberg;microsoft
517,Check if Matrix Is X-Matrix,https://leetcode.com/problems/check-if-matrix-is-x-matrix,2,amazon;google
518,Check if Number Has Equal Digit Count and Digit Value,https://leetcode.com/problems/check-if-number-has-equal-digit-count-and-digit-value,2,google;jpmorgan
519,Chunk Array,https://leetcode.com/problems/chunk-array,2,capgemini;google
520,Construct the Rectangle,https://leetcode.com/problems/construct-the-rectangle,2,amazon;google
521,Construct Uniform Parity Array I,https://leetcode.com/problems/construct-uniform-parity-array-i,2,amdocs;google
522,Convert the Temperature,https://leetcode.com/problems/convert-the-temperature,2,amazon;google
523,Count Pairs That Form a Complete Day I,https://leetcode.com/problems/count-pairs-that-form-a-complete-day-i,2,google;infosys
524,Count Residue Prefixes,https://leetcode.com/problems/count-residue-prefixes,2,google;microsoft
525,Count the Number of Incremovable Subarrays I,https://leetcode.com/problems/count-the-number-of-incremovable-subarrays-i,2,apple;microsoft
526,Count the Number of Special Characters I,https://leetcode.com/problems/count-the-number-of-special-characters-i,2,amazon;google
527,Coupon Code Validator,https://leetcode.com/problems/coupon-code-validator,2,google;meta
528,Day of the Year,https://leetcode.com/problems/day-of-the-year,2,google;zscaler
529,Delete Greatest Value in Each Row,https://leetcode.com/problems/delete-greatest-value-in-each-row,2,amazon;google
530,Determine if Two Events Have Conflict,https://leetcode.com/problems/determine-if-two-events-have-conflict,2,goldman-sachs;google
531,Distribute Candies Among Children I,https://leetcode.com/problems/distribute-candies-among-children-i,2,amazon;rubrik
532,Distribute Elements Into Two Arrays I,https://leetcode.com/problems/distribute-elements-into-two-arrays-i,2,amazon;autodesk
533,Employees Whose Manager Left the Company,https://leetcode.com/problems/employees-whose-manager-left-the-company,2,bloomberg;google
534,Fill Missing Data,https://leetcode.com/problems/fill-missing-data,2,acko;google
535,Find a Corresponding Node of a Binary Tree in a Clone of That Tree,https://leetcode.com/problems/find-a-corresponding-node-of-a-binary-tree-in-a-clone-of-that-tree,2,amazon;meta
536,Find Missing Elements,https://leetcode.com/problems/find-missing-elements,2,bloomberg;google
537,Find Subarrays With Equal Sum,https://leetcode.com/problems/find-subarrays-with-equal-sum,2,bloomberg;morgan-stanley
538,Find Target Indices After Sorting Array,https://leetcode.com/problems/find-target-indices-after-sorting-array,2,amazon;google
539,Find the Array Concatenation Value,https://leetcode.com/problems/find-the-array-concatenation-value,2,amazon;ibm
540,Find the Integer Added to Array I,https://leetcode.com/problems/find-the-integer-added-to-array-i,2,bloomberg;mitsogo
541,Find the Largest Almost Missing Integer,https://leetcode.com/problems/find-the-largest-almost-missing-integer,2,bloomberg;google
542,Find the Number of Good Pairs I,https://leetcode.com/problems/find-the-number-of-good-pairs-i,2,airbus;amazon
543,Find the Peaks,https://leetcode.com/problems/find-the-peaks,2,accelya;meta
544,Find the Width of Columns of a Grid,https://leetcode.com/problems/find-the-width-of-columns-of-a-grid,2,atlassian;samsung
545,Find the XOR of Numbers Which Appear Twice,https://leetcode.com/problems/find-the-xor-of-numbers-which-appear-twice,2,google;meta
546,Find Total Time Spent by Each Employee,https://leetcode.com/problems/find-total-time-spent-by-each-employee,2,amazon;google
547,First Letter to Appear Twice,https://leetcode.com/problems/first-letter-to-appear-twice,2,apple;google
548,Flip Square Submatrix Vertically,https://leetcode.com/problems/flip-square-submatrix-vertically,2,google;meta
549,Game Play Analysis II,https://leetcode.com/problems/game-play-analysis-ii,2,amazon;gsn-games
550,Generate Fibonacci Sequence,https://leetcode.com/problems/generate-fibonacci-sequence,2,bloomberg;google
551,Get Maximum in Generated Array,https://leetcode.com/problems/get-maximum-in-generated-array,2,amazon;verizon
552,Goal Parser Interpretation,https://leetcode.com/problems/goal-parser-interpretation,2,google;zoho
553,High Five,https://leetcode.com/problems/high-five,2,amazon;goldman-sachs
554,Increasing Order Search Tree,https://leetcode.com/problems/increasing-order-search-tree,2,amazon;google
555,Intersection of Multiple Arrays,https://leetcode.com/problems/intersection-of-multiple-arrays,2,meta;uber
556,Intersection of Three Sorted Arrays,https://leetcode.com/problems/intersection-of-three-sorted-arrays,2,apple;meta
557,Kth Distinct String in an Array,https://leetcode.com/problems/kth-distinct-string-in-an-array,2,amazon;google
558,Left and Right Sum Differences,https://leetcode.com/problems/left-and-right-sum-differences,2,bloomberg;google
559,List the Products Ordered in a Period,https://leetcode.com/problems/list-the-products-ordered-in-a-period,2,amazon;microsoft
560,Longest Uncommon Subsequence I,https://leetcode.com/problems/longest-uncommon-subsequence-i,2,google;meta
561,Make Array Zero by Subtracting Equal Amounts,https://leetcode.com/problems/make-array-zero-by-subtracting-equal-amounts,2,amazon;google
562,Maximum Depth of N-ary Tree,https://leetcode.com/problems/maximum-depth-of-n-ary-tree,2,amazon;datadog
563,Maximum Length Substring With Two Occurrences,https://leetcode.com/problems/maximum-length-substring-with-two-occurrences,2,microsoft;walmart-labs
564,Maximum Number of Balloons,https://leetcode.com/problems/maximum-number-of-balloons,2,microsoft;wayfair
565,Minimize String Length,https://leetcode.com/problems/minimize-string-length,2,bloomberg;google
566,Minimum Average of Smallest and Largest Elements,https://leetcode.com/problems/minimum-average-of-smallest-and-largest-elements,2,amazon;google
567,Minimum Deletions for At Most K Distinct Characters,https://leetcode.com/problems/minimum-deletions-for-at-most-k-distinct-characters,2,google;meta
568,Minimum Distance Between Three Equal Elements I,https://leetcode.com/problems/minimum-distance-between-three-equal-elements-i,2,amazon;google
569,Minimum Right Shifts to Sort the Array,https://leetcode.com/problems/minimum-right-shifts-to-sort-the-array,2,accenture;amazon
570,Minimum Subsequence in Non-Increasing Order,https://leetcode.com/problems/minimum-subsequence-in-non-increasing-order,2,amazon;mercari
571,Minimum Sum of Four Digit Number After Splitting Digits,https://leetcode.com/problems/minimum-sum-of-four-digit-number-after-splitting-digits,2,amazon;meta
572,Mirror Distance of an Integer,https://leetcode.com/problems/mirror-distance-of-an-integer,2,bloomberg;google
573,Missing Number In Arithmetic Progression,https://leetcode.com/problems/missing-number-in-arithmetic-progression,2,amazon;audible
574,Most Frequent Even Element,https://leetcode.com/problems/most-frequent-even-element,2,bloomberg;google
575,Most Visited Sector in a Circular Track,https://leetcode.com/problems/most-visited-sector-in-a-circular-track,2,expedia;syfe
576,N-ary Tree Preorder Traversal,https://leetcode.com/problems/n-ary-tree-preorder-traversal,2,amazon;google
577,Number of Arithmetic Triplets,https://leetcode.com/problems/number-of-arithmetic-triplets,2,google;meta
578,Number of Employees Who Met the Target,https://leetcode.com/problems/number-of-employees-who-met-the-target,2,amazon;microsoft
579,Number of Lines To Write String,https://leetcode.com/problems/number-of-lines-to-write-string,2,google;nvidia
580,Number of Senior Citizens,https://leetcode.com/problems/number-of-senior-citizens,2,google;meta
581,Prime Number of Set Bits in Binary Representation,https://leetcode.com/problems/prime-number-of-set-bits-in-binary-representation,2,amazon;google
582,Print in Order,https://leetcode.com/problems/print-in-order,2,google;microsoft
583,Product's Price for Each Store,https://leetcode.com/problems/products-price-for-each-store,2,amazon;mcafee
584,Range Addition II,https://leetcode.com/problems/range-addition-ii,2,amazon;ixl
585,Reshape Data: Melt,https://leetcode.com/problems/reshape-data-melt,2,amazon;bloomberg
586,Reshape Data: Pivot,https://leetcode.com/problems/reshape-data-pivot,2,amazon;meta
587,Reverse Degree of a String,https://leetcode.com/problems/reverse-degree-of-a-string,2,capgemini;google
588,Second Largest Digit in a String,https://leetcode.com/problems/second-largest-digit-in-a-string,2,google;softwire
589,Second Minimum Node In a Binary Tree,https://leetcode.com/problems/second-minimum-node-in-a-binary-tree,2,linkedin;meta
590,Shuffle String,https://leetcode.com/problems/shuffle-string,2,google;microsoft
591,Sleep,https://leetcode.com/problems/sleep,2,amazon;google
592,Smallest Missing Integer Greater Than Sequential Prefix Sum,https://leetcode.com/problems/smallest-missing-integer-greater-than-sequential-prefix-sum,2,google;microsoft
593,Split With Minimum Sum,https://leetcode.com/problems/split-with-minimum-sum,2,amazon;google
594,Strobogrammatic Number,https://leetcode.com/problems/strobogrammatic-number,2,google;meta
595,Student Attendance Record I,https://leetcode.com/problems/student-attendance-record-i,2,bloomberg;google
596,Sum of Good Numbers,https://leetcode.com/problems/sum-of-good-numbers,2,bcg;google
597,The Employee That Worked on the Longest Task,https://leetcode.com/problems/the-employee-that-worked-on-the-longest-task,2,ibm;morgan-stanley
598,Three Divisors,https://leetcode.com/problems/three-divisors,2,google;microsoft
599,Timeout Cancellation,https://leetcode.com/problems/timeout-cancellation,2,google;meta
600,Top Travellers,https://leetcode.com/problems/top-travellers,2,google;point72
601,Total Distance Traveled,https://leetcode.com/problems/total-distance-traveled,2,compass;meta
602,Truncate Sentence,https://leetcode.com/problems/truncate-sentence,2,amazon;bloomberg
603,Two Sum III - Data structure design,https://leetcode.com/problems/two-sum-iii-data-structure-design,2,amazon;linkedin
604,Uncommon Words from Two Sentences,https://leetcode.com/problems/uncommon-words-from-two-sentences,2,amazon;google
605,Unique 3-Digit Even Numbers,https://leetcode.com/problems/unique-3-digit-even-numbers,2,amazon;google
606,Unique Morse Code Words,https://leetcode.com/problems/unique-morse-code-words,2,amazon;wix
607,User Activity for the Past 30 Days II,https://leetcode.com/problems/user-activity-for-the-past-30-days-ii,2,meta;zoom
608,Valid Boomerang,https://leetcode.com/problems/valid-boomerang,2,google;microsoft
609,X of a Kind in a Deck of Cards,https://leetcode.com/problems/x-of-a-kind-in-a-deck-of-cards,2,google;meta
610,XOR Operation in an Array,https://leetcode.com/problems/xor-operation-in-an-array,2,google;walmart-labs
611,Ad-Free Sessions,https://leetcode.com/problems/ad-free-sessions,1,amazon
612,Ads Performance,https://leetcode.com/problems/ads-performance,1,meta
613,All the Matches of the League,https://leetcode.com/problems/all-the-matches-of-the-league,1,microsoft
614,All Valid Triplets That Can Represent a Country,https://leetcode.com/problems/all-valid-triplets-that-can-represent-a-country,1,amazon
615,Armstrong Number,https://leetcode.com/problems/armstrong-number,1,amazon
616,Array Transformation,https://leetcode.com/problems/array-transformation,1,virtu
617,Average Value of Even Numbers That Are Divisible by Three,https://leetcode.com/problems/average-value-of-even-numbers-that-are-divisible-by-three,1,ibm
618,Bank Account Summary II,https://leetcode.com/problems/bank-account-summary-ii,1,google
619,Bitwise OR of Adjacent Elements,https://leetcode.com/problems/bitwise-or-of-adjacent-elements,1,adobe
620,Buy Two Chocolates,https://leetcode.com/problems/buy-two-chocolates,1,amazon
621,Calculate Compressed Mean,https://leetcode.com/problems/calculate-compressed-mean,1,google
622,Calculate Delayed Arrival Time,https://leetcode.com/problems/calculate-delayed-arrival-time,1,google
623,Calculate Digit Sum of a String,https://leetcode.com/problems/calculate-digit-sum-of-a-string,1,uber
624,Calculate Special Bonus,https://leetcode.com/problems/calculate-special-bonus,1,google
625,Change Data Type,https://leetcode.com/problems/change-data-type,1,google
626,Check Balanced String,https://leetcode.com/problems/check-balanced-string,1,amazon
627,Check If a Number Is Majority Element in a Sorted Array,https://leetcode.com/problems/check-if-a-number-is-majority-element-in-a-sorted-array,1,salesforce
628,Check if Bitwise OR Has Trailing Zeros,https://leetcode.com/problems/check-if-bitwise-or-has-trailing-zeros,1,meituan
629,Check If String Is a Prefix of Array,https://leetcode.com/problems/check-if-string-is-a-prefix-of-array,1,uber
630,Check Whether Two Strings are Almost Equivalent,https://leetcode.com/problems/check-whether-two-strings-are-almost-equivalent,1,salesforce
631,Circular Sentence,https://leetcode.com/problems/circular-sentence,1,bloomberg
632,Classifying Triangles by Lengths,https://leetcode.com/problems/classifying-triangles-by-lengths,1,aon
633,Compute Decimal Representation,https://leetcode.com/problems/compute-decimal-representation,1,meta
634,Confusing Number,https://leetcode.com/problems/confusing-number,1,google
635,Convert Date to Binary,https://leetcode.com/problems/convert-date-to-binary,1,google
636,Count Asterisks,https://leetcode.com/problems/count-asterisks,1,google
637,Count Common Words With One Occurrence,https://leetcode.com/problems/count-common-words-with-one-occurrence,1,jane-street
638,Count Distinct Numbers on Board,https://leetcode.com/problems/count-distinct-numbers-on-board,1,oracle
639,Count Elements With Strictly Smaller and Greater Elements,https://leetcode.com/problems/count-elements-with-strictly-smaller-and-greater-elements,1,google
640,Count Houses in a Circular Street,https://leetcode.com/problems/count-houses-in-a-circular-street,1,google
641,Count Integers With Even Digit Sum,https://leetcode.com/problems/count-integers-with-even-digit-sum,1,mindtree
642,Count Monobit Integers,https://leetcode.com/problems/count-monobit-integers,1,zoho
643,Count Numbers With Unique Digits II,https://leetcode.com/problems/count-numbers-with-unique-digits-ii,1,amazon
644,Count Prefixes of a Given String,https://leetcode.com/problems/count-prefixes-of-a-given-string,1,google
645,Count Substrings That Satisfy K-Constraint I,https://leetcode.com/problems/count-substrings-that-satisfy-k-constraint-i,1,google
646,Count Substrings with Only One Distinct Letter,https://leetcode.com/problems/count-substrings-with-only-one-distinct-letter,1,virtu
647,Count Tested Devices After Test Operations,https://leetcode.com/problems/count-tested-devices-after-test-operations,1,accenture
648,Count the Number of Vowel Strings in Range,https://leetcode.com/problems/count-the-number-of-vowel-strings-in-range,1,paypal
649,Count Triplets with Even XOR Set Bits I,https://leetcode.com/problems/count-triplets-with-even-xor-set-bits-i,1,amazon
650,Counting Elements,https://leetcode.com/problems/counting-elements,1,drw
651,Create a Session Bar Chart,https://leetcode.com/problems/create-a-session-bar-chart,1,twitch
652,Customer Order Frequency,https://leetcode.com/problems/customer-order-frequency,1,amazon
653,Decompress Run-Length Encoded List,https://leetcode.com/problems/decompress-run-length-encoded-list,1,google
654,Delete N Nodes After M Nodes of a Linked List,https://leetcode.com/problems/delete-n-nodes-after-m-nodes-of-a-linked-list,1,microsoft
655,Design Compressed String Iterator,https://leetcode.com/problems/design-compressed-string-iterator,1,google
656,Detect Pattern of Length M Repeated K or More Times,https://leetcode.com/problems/detect-pattern-of-length-m-repeated-k-or-more-times,1,hrt
657,Determine Color of a Chessboard Square,https://leetcode.com/problems/determine-color-of-a-chessboard-square,1,jpmorgan
658,Determine if String Halves Are Alike,https://leetcode.com/problems/determine-if-string-halves-are-alike,1,google
659,Determine the Winner of a Bowling Game,https://leetcode.com/problems/determine-the-winner-of-a-bowling-game,1,de-shaw
660,Diet Plan Performance,https://leetcode.com/problems/diet-plan-performance,1,amazon
661,Distance Between Bus Stops,https://leetcode.com/problems/distance-between-bus-stops,1,google
662,Evaluate Boolean Binary Tree,https://leetcode.com/problems/evaluate-boolean-binary-tree,1,google
663,Existence of a Substring in a String and Its Reverse,https://leetcode.com/problems/existence-of-a-substring-in-a-string-and-its-reverse,1,rubrik
664,Extract Kth Character From The Rope Tree,https://leetcode.com/problems/extract-kth-character-from-the-rope-tree,1,google
665,Faulty Keyboard,https://leetcode.com/problems/faulty-keyboard,1,samsung
666,Faulty Sensor,https://leetcode.com/problems/faulty-sensor,1,meta
667,Filter Characters by Frequency,https://leetcode.com/problems/filter-characters-by-frequency,1,opentext
668,Find All The Lonely Nodes,https://leetcode.com/problems/find-all-the-lonely-nodes,1,microsoft
669,Find Anagram Mappings,https://leetcode.com/problems/find-anagram-mappings,1,google
670,Find Books with No Available Copies,https://leetcode.com/problems/find-books-with-no-available-copies,1,meta
671,Find Candidates for Data Scientist Position,https://leetcode.com/problems/find-candidates-for-data-scientist-position,1,hashedin
672,Find Champion I,https://leetcode.com/problems/find-champion-i,1,google
673,Find Customers With Positive Revenue this Year,https://leetcode.com/problems/find-customers-with-positive-revenue-this-year,1,google
674,Find Expensive Cities,https://leetcode.com/problems/find-expensive-cities,1,google
675,Find Indices of Stable Mountains,https://leetcode.com/problems/find-indices-of-stable-mountains,1,google
676,Find Indices With Index and Value Difference I,https://leetcode.com/problems/find-indices-with-index-and-value-difference-i,1,paytm
677,Find Special Substring of Length K,https://leetcode.com/problems/find-special-substring-of-length-k,1,amazon
678,Find the Child Who Has the Ball After K Seconds,https://leetcode.com/problems/find-the-child-who-has-the-ball-after-k-seconds,1,agoda
679,Find the K-or of an Array,https://leetcode.com/problems/find-the-k-or-of-an-array,1,amazon
680,Find the Key of the Numbers,https://leetcode.com/problems/find-the-key-of-the-numbers,1,google
681,Find The Least Frequent Digit,https://leetcode.com/problems/find-the-least-frequent-digit,1,flipkart
682,Find the Longest Balanced Substring of a Binary String,https://leetcode.com/problems/find-the-longest-balanced-substring-of-a-binary-string,1,tinkoff
683,Find the Maximum Divisibility Score,https://leetcode.com/problems/find-the-maximum-divisibility-score,1,de-shaw
684,Find the Number of Winning Players,https://leetcode.com/problems/find-the-number-of-winning-players,1,google
685,Find the Sum of Encrypted Integers,https://leetcode.com/problems/find-the-sum-of-encrypted-integers,1,larsen-toubro
686,Find the Team Size,https://leetcode.com/problems/find-the-team-size,1,amazon
687,Find the Winning Player in Coin Game,https://leetcode.com/problems/find-the-winning-player-in-coin-game,1,bloomberg
688,Fixed Point,https://leetcode.com/problems/fixed-point,1,uber
689,Flip Game,https://leetcode.com/problems/flip-game,1,google
690,Form Smallest Number From Two Digit Arrays,https://leetcode.com/problems/form-smallest-number-from-two-digit-arrays,1,tinkoff
691,Friend Requests I: Overall Acceptance Rate,https://leetcode.com/problems/friend-requests-i-overall-acceptance-rate,1,meta
692,Friendly Movies Streamed Last Month,https://leetcode.com/problems/friendly-movies-streamed-last-month,1,amazon
693,Generate a String With Characters That Have Odd Counts,https://leetcode.com/problems/generate-a-string-with-characters-that-have-odd-counts,1,google
694,Generate Tag for Video Caption,https://leetcode.com/problems/generate-tag-for-video-caption,1,bloomberg
695,Get the Size of a DataFrame,https://leetcode.com/problems/get-the-size-of-a-dataframe,1,google
696,Greatest English Letter in Upper and Lower Case,https://leetcode.com/problems/greatest-english-letter-in-upper-and-lower-case,1,microsoft
697,Harshad Number,https://leetcode.com/problems/harshad-number,1,microsoft
698,Hexadecimal and Hexatrigesimal Conversion,https://leetcode.com/problems/hexadecimal-and-hexatrigesimal-conversion,1,zopsmart
699,Hexspeak,https://leetcode.com/problems/hexspeak,1,virtu
700,How Many Apples Can You Put into the Basket,https://leetcode.com/problems/how-many-apples-can-you-put-into-the-basket,1,virtu
701,Immediate Food Delivery I,https://leetcode.com/problems/immediate-food-delivery-i,1,doordash
702,Index Pairs of a String,https://leetcode.com/problems/index-pairs-of-a-string,1,amazon
703,Is Object Empty,https://leetcode.com/problems/is-object-empty,1,google
704,Largest Subarray Length K,https://leetcode.com/problems/largest-subarray-length-k,1,google
705,Largest Substring Between Two Equal Characters,https://leetcode.com/problems/largest-substring-between-two-equal-characters,1,microsoft
706,Largest Unique Number,https://leetcode.com/problems/largest-unique-number,1,amazon
707,Latest Time by Replacing Hidden Digits,https://leetcode.com/problems/latest-time-by-replacing-hidden-digits,1,google
708,Latest Time You Can Obtain After Replacing Characters,https://leetcode.com/problems/latest-time-you-can-obtain-after-replacing-characters,1,google
709,Lexicographically Smallest String After a Swap,https://leetcode.com/problems/lexicographically-smallest-string-after-a-swap,1,jpmorgan
710,License Key Formatting,https://leetcode.com/problems/license-key-formatting,1,google
711,Loan Types,https://leetcode.com/problems/loan-types,1,google
712,Longest Even Odd Subarray With Threshold,https://leetcode.com/problems/longest-even-odd-subarray-with-threshold,1,meta
713,Longest Unequal Adjacent Groups Subsequence I,https://leetcode.com/problems/longest-unequal-adjacent-groups-subsequence-i,1,fourkites
714,Make Three Strings Equal,https://leetcode.com/problems/make-three-strings-equal,1,amazon
715,Matrix Cells in Distance Order,https://leetcode.com/problems/matrix-cells-in-distance-order,1,yahoo
716,Maximum Containers on a Ship,https://leetcode.com/problems/maximum-containers-on-a-ship,1,google
717,Maximum Distance Between Unequal Words in Array I,https://leetcode.com/problems/maximum-distance-between-unequal-words-in-array-i,1,walmart-labs
718,Maximum Height of a Triangle,https://leetcode.com/problems/maximum-height-of-a-triangle,1,salesforce
719,Maximum Number of Operations With the Same Score I,https://leetcode.com/problems/maximum-number-of-operations-with-the-same-score-i,1,microsoft
720,Maximum Number of Pairs in Array,https://leetcode.com/problems/maximum-number-of-pairs-in-array,1,altimetrik
721,Maximum Product of Two Digits,https://leetcode.com/problems/maximum-product-of-two-digits,1,google
722,Maximum Strong Pair XOR I,https://leetcode.com/problems/maximum-strong-pair-xor-i,1,zscaler
723,Maximum Subarray With Equal Products,https://leetcode.com/problems/maximum-subarray-with-equal-products,1,google
724,Maximum Sum With Exactly K Elements,https://leetcode.com/problems/maximum-sum-with-exactly-k-elements,1,amazon
725,Maximum Value of a String in an Array,https://leetcode.com/problems/maximum-value-of-a-string-in-an-array,1,google
726,Mean of Array After Removing Some Elements,https://leetcode.com/problems/mean-of-array-after-removing-some-elements,1,google
727,Merge Similar Items,https://leetcode.com/problems/merge-similar-items,1,google
728,Method Chaining,https://leetcode.com/problems/method-chaining,1,google
729,Minimum Absolute Difference Between Two Values,https://leetcode.com/problems/minimum-absolute-difference-between-two-values,1,snowflake
730,Minimum Amount of Time to Fill Cups,https://leetcode.com/problems/minimum-amount-of-time-to-fill-cups,1,google
731,Minimum Hours of Training to Win a Competition,https://leetcode.com/problems/minimum-hours-of-training-to-win-a-competition,1,amazon
732,Minimum Moves to Equal Array Elements III,https://leetcode.com/problems/minimum-moves-to-equal-array-elements-iii,1,adobe
733,Minimum Number of Operations to Convert Time,https://leetcode.com/problems/minimum-number-of-operations-to-convert-time,1,google
734,Minimum Operations to Collect Elements,https://leetcode.com/problems/minimum-operations-to-collect-elements,1,deutsche-bank
735,Minimum Operations to Exceed Threshold Value I,https://leetcode.com/problems/minimum-operations-to-exceed-threshold-value-i,1,tcs
736,Minimum Operations to Make Columns Strictly Increasing,https://leetcode.com/problems/minimum-operations-to-make-columns-strictly-increasing,1,ibm
737,Minimum Positive Sum Subarray,https://leetcode.com/problems/minimum-positive-sum-subarray,1,amazon
738,Minimum Sum of Mountain Triplets I,https://leetcode.com/problems/minimum-sum-of-mountain-triplets-i,1,microsoft
739,Modify the Matrix,https://leetcode.com/problems/modify-the-matrix,1,fidelity
740,Most Frequent Number Following Key In an Array,https://leetcode.com/problems/most-frequent-number-following-key-in-an-array,1,google
741,NPV Queries,https://leetcode.com/problems/npv-queries,1,amazon
742,Number of Bit Changes to Make Two Integers Equal,https://leetcode.com/problems/number-of-bit-changes-to-make-two-integers-equal,1,thoughtworks
743,Number of Comments per Post,https://leetcode.com/problems/number-of-comments-per-post,1,meta
744,Number of Days in a Month,https://leetcode.com/problems/number-of-days-in-a-month,1,amazon
745,Number of Distinct Averages,https://leetcode.com/problems/number-of-distinct-averages,1,amazon
746,Number of Even and Odd Bits,https://leetcode.com/problems/number-of-even-and-odd-bits,1,google
747,Number Of Rectangles That Can Form The Largest Square,https://leetcode.com/problems/number-of-rectangles-that-can-form-the-largest-square,1,allincall
748,Number of Strings That Appear as Substrings in Word,https://leetcode.com/problems/number-of-strings-that-appear-as-substrings-in-word,1,uber
749,Number of Unequal Triplets in Array,https://leetcode.com/problems/number-of-unequal-triplets-in-array,1,paytm
750,Number of Valid Clock Times,https://leetcode.com/problems/number-of-valid-clock-times,1,google
751,Occurrences After Bigram,https://leetcode.com/problems/occurrences-after-bigram,1,google
752,Percentage of Letter in String,https://leetcode.com/problems/percentage-of-letter-in-string,1,american-express
753,Perform String Shifts,https://leetcode.com/problems/perform-string-shifts,1,goldman-sachs
754,Permutation Difference between Two Strings,https://leetcode.com/problems/permutation-difference-between-two-strings,1,accenture
755,Points That Intersect With Cars,https://leetcode.com/problems/points-that-intersect-with-cars,1,uber
756,Positions of Large Groups,https://leetcode.com/problems/positions-of-large-groups,1,google
757,Prime Arrangements,https://leetcode.com/problems/prime-arrangements,1,amazon
758,Prime In Diagonal,https://leetcode.com/problems/prime-in-diagonal,1,google
759,Product Sales Analysis II,https://leetcode.com/problems/product-sales-analysis-ii,1,amazon
760,Product Sales Analysis V,https://leetcode.com/problems/product-sales-analysis-v,1,amazon
761,Project Employees II,https://leetcode.com/problems/project-employees-ii,1,meta
762,Projection Area of 3D Shapes,https://leetcode.com/problems/projection-area-of-3d-shapes,1,google
763,Rearrange Characters to Make Target String,https://leetcode.com/problems/rearrange-characters-to-make-target-string,1,amazon
764,Rearrange Spaces Between Words,https://leetcode.com/problems/rearrange-spaces-between-words,1,google
765,Redistribute Characters to Make All Strings Equal,https://leetcode.com/problems/redistribute-characters-to-make-all-strings-equal,1,moengage
766,Reformat Phone Number,https://leetcode.com/problems/reformat-phone-number,1,activision
767,Reformat The String,https://leetcode.com/problems/reformat-the-string,1,microsoft
768,Remove Palindromic Subsequences,https://leetcode.com/problems/remove-palindromic-subsequences,1,amazon
769,Remove Vowels from a String,https://leetcode.com/problems/remove-vowels-from-a-string,1,amazon
770,Replace All ?'s to Avoid Consecutive Repeating Characters,https://leetcode.com/problems/replace-all-s-to-avoid-consecutive-repeating-characters,1,microsoft
771,Replace All Digits with Characters,https://leetcode.com/problems/replace-all-digits-with-characters,1,google
772,Reported Posts,https://leetcode.com/problems/reported-posts,1,meta
773,Reshape Data: Concatenate,https://leetcode.com/problems/reshape-data-concatenate,1,google
774,Reverse String Prefix,https://leetcode.com/problems/reverse-string-prefix,1,amazon
775,Rings and Rods,https://leetcode.com/problems/rings-and-rods,1,google
776,Sales Analysis I,https://leetcode.com/problems/sales-analysis-i,1,amazon
777,Sales Analysis II,https://leetcode.com/problems/sales-analysis-ii,1,amazon
778,Sentence Similarity,https://leetcode.com/problems/sentence-similarity,1,google
779,Shift 2D Grid,https://leetcode.com/problems/shift-2d-grid,1,amazon
780,Shortest Completing Word,https://leetcode.com/problems/shortest-completing-word,1,google
781,Shortest Subarray With OR at Least K I,https://leetcode.com/problems/shortest-subarray-with-or-at-least-k-i,1,mitsogo
782,Similar RGB Color,https://leetcode.com/problems/similar-rgb-color,1,google
783,Single-Row Keyboard,https://leetcode.com/problems/single-row-keyboard,1,google
784,Slowest Key,https://leetcode.com/problems/slowest-key,1,jpmorgan
785,Smallest Divisible Digit Product I,https://leetcode.com/problems/smallest-divisible-digit-product-i,1,accenture
786,Smallest Index With Digit Sum Equal to Index,https://leetcode.com/problems/smallest-index-with-digit-sum-equal-to-index,1,google
787,Smallest Index With Equal Value,https://leetcode.com/problems/smallest-index-with-equal-value,1,google
788,Smallest Pair With Different Frequencies,https://leetcode.com/problems/smallest-pair-with-different-frequencies,1,nagarro
789,Snake in Matrix,https://leetcode.com/problems/snake-in-matrix,1,google
790,Sort Array By Absolute Value,https://leetcode.com/problems/sort-array-by-absolute-value,1,cognizant
791,Strong Password Checker II,https://leetcode.com/problems/strong-password-checker-ii,1,microsoft
792,Students With Invalid Departments,https://leetcode.com/problems/students-with-invalid-departments,1,amazon
793,Substring Matching Pattern,https://leetcode.com/problems/substring-matching-pattern,1,amazon
794,Sum of Digits in Base K,https://leetcode.com/problems/sum-of-digits-in-base-k,1,google
795,Sum of Digits in the Minimum Number,https://leetcode.com/problems/sum-of-digits-in-the-minimum-number,1,amazon
796,Sum of Squares of Special Elements,https://leetcode.com/problems/sum-of-squares-of-special-elements,1,google
797,Sum of Values at Indices With K Set Bits,https://leetcode.com/problems/sum-of-values-at-indices-with-k-set-bits,1,accenture
798,Sum of Variable Length Subarrays,https://leetcode.com/problems/sum-of-variable-length-subarrays,1,amazon
799,Surface Area of 3D Shapes,https://leetcode.com/problems/surface-area-of-3d-shapes,1,amazon
800,The Latest Login in 2020,https://leetcode.com/problems/the-latest-login-in-2020,1,google
801,The Number of Rich Customers,https://leetcode.com/problems/the-number-of-rich-customers,1,athenahealth
802,The Number of Users That Are Eligible for Discount,https://leetcode.com/problems/the-number-of-users-that-are-eligible-for-discount,1,analytics-quotient
803,The Users That Are Eligible for Discount,https://leetcode.com/problems/the-users-that-are-eligible-for-discount,1,analytics-quotient
804,The Winner University,https://leetcode.com/problems/the-winner-university,1,walmart-labs
805,Toggle Light Bulbs,https://leetcode.com/problems/toggle-light-bulbs,1,juspay
806,Traffic Signal Color,https://leetcode.com/problems/traffic-signal-color,1,google
807,Transform Array by Parity,https://leetcode.com/problems/transform-array-by-parity,1,infosys
808,Two Sum Less Than K,https://leetcode.com/problems/two-sum-less-than-k,1,amazon
809,Valid Word Square,https://leetcode.com/problems/valid-word-square,1,google
810,Warehouse Manager,https://leetcode.com/problems/warehouse-manager,1,amazon
811,Weather Type in Each Country,https://leetcode.com/problems/weather-type-in-each-country,1,point72
